Language,Code,Key,English (source),Current translation,Reviewer: OK? (Y/N),Reviewer: corrected text / notes
French,FR,planWithNera,Plan with Nera,Planifier avec Nera,,
French,FR,neraWelcome,"Hi, I'm Nera, your Itinera trip planner. Tell me where you'd like to go and for how long, and I'll draft an itinerary for you to review.","Bonjour, je suis Nera, votre assistante de voyage Itinera. Dites-moi où vous voulez aller et pour combien de temps, et je vous prépare un itinéraire à valider.",,
French,FR,neraSuggest1,5 days in London,5 jours à Londres,,
French,FR,neraSuggest2,Weekend in Paris,Week-end à Paris,,
French,FR,neraSuggest3,A week in Tokyo,Une semaine à Tokyo,,
French,FR,neraChangePrompt,Of course. What would you like to change?,Bien sûr. Que souhaitez-vous modifier ?,,
French,FR,neraChange1,Make it more relaxed,Plus tranquille,,
French,FR,neraChange2,Add more food spots,Plus d'adresses gourmandes,,
French,FR,neraChange3,Swap one day,Remplacer une journée,,
French,FR,neraChange4,Cheaper options,Options moins chères,,
French,FR,neraInputHint,Ask Nera anything about your trip,Posez une question à Nera sur votre voyage,,
French,FR,neraSend,Send,Envoyer,,
French,FR,neraApprove,Approve,Approuver,,
French,FR,neraMakeChanges,Make changes,Modifier,,
French,FR,neraSuperseded,Replaced by a newer draft,Remplacé par une version plus récente,,
French,FR,neraDaysDraft,%s days · Draft,%s jours · Brouillon,,
French,FR,neraDay,Day %s,Jour %s,,
French,FR,neraTripCreated,Nera created your trip,Nera a créé votre voyage,,
French,FR,neraFree,Free,Gratuit,,
French,FR,neraErrNotSetUp,Nera isn't set up yet.,Nera n'est pas encore configurée.,,
French,FR,neraErrSignIn,Please sign in to chat with Nera.,Connectez-vous pour discuter avec Nera.,,
French,FR,neraErrNetwork,Couldn't reach Nera. Check your connection and try again.,Impossible de joindre Nera. Vérifiez votre connexion et réessayez.,,
French,FR,neraErrBadReply,Nera sent something I couldn't read. Please try again.,Nera a envoyé une réponse illisible. Veuillez réessayer.,,
French,FR,neraErrQuota,You've reached today's limit for Nera. Please try again tomorrow.,Vous avez atteint la limite quotidienne de Nera. Réessayez demain.,,
French,FR,neraErrGeneric,Nera is having trouble right now. Please try again.,Nera rencontre un problème. Veuillez réessayer.,,
French,FR,neraTrialDaysLeft,Free trial · Days left: %s,Essai gratuit · Jours restants : %s,,
French,FR,neraErrTrialEnded,Your free trial of Nera has ended. Thanks for trying her!,Votre essai gratuit de Nera est terminé. Merci de l'avoir essayée !,,
Spanish,ES,planWithNera,Plan with Nera,Planificar con Nera,,
Spanish,ES,neraWelcome,"Hi, I'm Nera, your Itinera trip planner. Tell me where you'd like to go and for how long, and I'll draft an itinerary for you to review.","Hola, soy Nera, tu asistente de viajes de Itinera. Dime a dónde quieres ir y por cuánto tiempo, y prepararé un itinerario para que lo revises.",,
Spanish,ES,neraSuggest1,5 days in London,5 días en Londres,,
Spanish,ES,neraSuggest2,Weekend in Paris,Fin de semana en París,,
Spanish,ES,neraSuggest3,A week in Tokyo,Una semana en Tokio,,
Spanish,ES,neraChangePrompt,Of course. What would you like to change?,Claro. ¿Qué quieres cambiar?,,
Spanish,ES,neraChange1,Make it more relaxed,Hazlo más tranquilo,,
Spanish,ES,neraChange2,Add more food spots,Añade más sitios para comer,,
Spanish,ES,neraChange3,Swap one day,Cambiar un día,,
Spanish,ES,neraChange4,Cheaper options,Opciones más baratas,,
Spanish,ES,neraInputHint,Ask Nera anything about your trip,Pregunta a Nera lo que quieras sobre tu viaje,,
Spanish,ES,neraSend,Send,Enviar,,
Spanish,ES,neraApprove,Approve,Aprobar,,
Spanish,ES,neraMakeChanges,Make changes,Hacer cambios,,
Spanish,ES,neraSuperseded,Replaced by a newer draft,Sustituido por un borrador más reciente,,
Spanish,ES,neraDaysDraft,%s days · Draft,%s días · Borrador,,
Spanish,ES,neraDay,Day %s,Día %s,,
Spanish,ES,neraTripCreated,Nera created your trip,Nera ha creado tu viaje,,
Spanish,ES,neraFree,Free,Gratis,,
Spanish,ES,neraErrNotSetUp,Nera isn't set up yet.,Nera aún no está configurada.,,
Spanish,ES,neraErrSignIn,Please sign in to chat with Nera.,Inicia sesión para chatear con Nera.,,
Spanish,ES,neraErrNetwork,Couldn't reach Nera. Check your connection and try again.,No se pudo contactar con Nera. Revisa tu conexión e inténtalo de nuevo.,,
Spanish,ES,neraErrBadReply,Nera sent something I couldn't read. Please try again.,Nera envió algo que no pude leer. Inténtalo de nuevo.,,
Spanish,ES,neraErrQuota,You've reached today's limit for Nera. Please try again tomorrow.,Has alcanzado el límite diario de Nera. Inténtalo de nuevo mañana.,,
Spanish,ES,neraErrGeneric,Nera is having trouble right now. Please try again.,Nera tiene problemas ahora mismo. Inténtalo de nuevo.,,
Spanish,ES,neraTrialDaysLeft,Free trial · Days left: %s,Prueba gratuita · Días restantes: %s,,
Spanish,ES,neraErrTrialEnded,Your free trial of Nera has ended. Thanks for trying her!,Tu prueba gratuita de Nera ha terminado. ¡Gracias por probarla!,,
German,DE,planWithNera,Plan with Nera,Mit Nera planen,,
German,DE,neraWelcome,"Hi, I'm Nera, your Itinera trip planner. Tell me where you'd like to go and for how long, and I'll draft an itinerary for you to review.","Hallo, ich bin Nera, deine Itinera-Reiseplanerin. Sag mir, wohin du möchtest und für wie lange, dann erstelle ich dir einen Reiseplan zur Prüfung.",,
German,DE,neraSuggest1,5 days in London,5 Tage in London,,
German,DE,neraSuggest2,Weekend in Paris,Wochenende in Paris,,
German,DE,neraSuggest3,A week in Tokyo,Eine Woche in Tokio,,
German,DE,neraChangePrompt,Of course. What would you like to change?,Gerne. Was möchtest du ändern?,,
German,DE,neraChange1,Make it more relaxed,Entspannter gestalten,,
German,DE,neraChange2,Add more food spots,Mehr Restaurants hinzufügen,,
German,DE,neraChange3,Swap one day,Einen Tag tauschen,,
German,DE,neraChange4,Cheaper options,Günstigere Optionen,,
German,DE,neraInputHint,Ask Nera anything about your trip,Frag Nera alles zu deiner Reise,,
German,DE,neraSend,Send,Senden,,
German,DE,neraApprove,Approve,Bestätigen,,
German,DE,neraMakeChanges,Make changes,Änderungen vornehmen,,
German,DE,neraSuperseded,Replaced by a newer draft,Durch einen neueren Entwurf ersetzt,,
German,DE,neraDaysDraft,%s days · Draft,%s Tage · Entwurf,,
German,DE,neraDay,Day %s,Tag %s,,
German,DE,neraTripCreated,Nera created your trip,Nera hat deine Reise erstellt,,
German,DE,neraFree,Free,Kostenlos,,
German,DE,neraErrNotSetUp,Nera isn't set up yet.,Nera ist noch nicht eingerichtet.,,
German,DE,neraErrSignIn,Please sign in to chat with Nera.,"Bitte melde dich an, um mit Nera zu chatten.",,
German,DE,neraErrNetwork,Couldn't reach Nera. Check your connection and try again.,Nera ist nicht erreichbar. Prüfe deine Verbindung und versuche es erneut.,,
German,DE,neraErrBadReply,Nera sent something I couldn't read. Please try again.,"Nera hat etwas gesendet, das ich nicht lesen konnte. Bitte versuche es erneut.",,
German,DE,neraErrQuota,You've reached today's limit for Nera. Please try again tomorrow.,Du hast das Tageslimit für Nera erreicht. Bitte versuche es morgen erneut.,,
German,DE,neraErrGeneric,Nera is having trouble right now. Please try again.,Nera hat gerade Probleme. Bitte versuche es erneut.,,
German,DE,neraTrialDaysLeft,Free trial · Days left: %s,Kostenlose Testphase · Verbleibende Tage: %s,,
German,DE,neraErrTrialEnded,Your free trial of Nera has ended. Thanks for trying her!,Deine kostenlose Testphase mit Nera ist beendet. Danke fürs Ausprobieren!,,
Italian,IT,planWithNera,Plan with Nera,Pianifica con Nera,,
Italian,IT,neraWelcome,"Hi, I'm Nera, your Itinera trip planner. Tell me where you'd like to go and for how long, and I'll draft an itinerary for you to review.","Ciao, sono Nera, la tua assistente di viaggio Itinera. Dimmi dove vuoi andare e per quanto tempo, e preparerò un itinerario da rivedere.",,
Italian,IT,neraSuggest1,5 days in London,5 giorni a Londra,,
Italian,IT,neraSuggest2,Weekend in Paris,Weekend a Parigi,,
Italian,IT,neraSuggest3,A week in Tokyo,Una settimana a Tokyo,,
Italian,IT,neraChangePrompt,Of course. What would you like to change?,Certo. Cosa vuoi cambiare?,,
Italian,IT,neraChange1,Make it more relaxed,Rendilo più rilassato,,
Italian,IT,neraChange2,Add more food spots,Aggiungi più posti dove mangiare,,
Italian,IT,neraChange3,Swap one day,Cambia un giorno,,
Italian,IT,neraChange4,Cheaper options,Opzioni più economiche,,
Italian,IT,neraInputHint,Ask Nera anything about your trip,Chiedi a Nera qualsiasi cosa sul tuo viaggio,,
Italian,IT,neraSend,Send,Invia,,
Italian,IT,neraApprove,Approve,Approva,,
Italian,IT,neraMakeChanges,Make changes,Apporta modifiche,,
Italian,IT,neraSuperseded,Replaced by a newer draft,Sostituita da una bozza più recente,,
Italian,IT,neraDaysDraft,%s days · Draft,%s giorni · Bozza,,
Italian,IT,neraDay,Day %s,Giorno %s,,
Italian,IT,neraTripCreated,Nera created your trip,Nera ha creato il tuo viaggio,,
Italian,IT,neraFree,Free,Gratis,,
Italian,IT,neraErrNotSetUp,Nera isn't set up yet.,Nera non è ancora configurata.,,
Italian,IT,neraErrSignIn,Please sign in to chat with Nera.,Accedi per chattare con Nera.,,
Italian,IT,neraErrNetwork,Couldn't reach Nera. Check your connection and try again.,Impossibile raggiungere Nera. Controlla la connessione e riprova.,,
Italian,IT,neraErrBadReply,Nera sent something I couldn't read. Please try again.,Nera ha inviato qualcosa che non riesco a leggere. Riprova.,,
Italian,IT,neraErrQuota,You've reached today's limit for Nera. Please try again tomorrow.,Hai raggiunto il limite giornaliero di Nera. Riprova domani.,,
Italian,IT,neraErrGeneric,Nera is having trouble right now. Please try again.,Nera ha dei problemi al momento. Riprova.,,
Italian,IT,neraTrialDaysLeft,Free trial · Days left: %s,Prova gratuita · Giorni rimasti: %s,,
Italian,IT,neraErrTrialEnded,Your free trial of Nera has ended. Thanks for trying her!,La tua prova gratuita di Nera è terminata. Grazie per averla provata!,,
Portuguese,PT,planWithNera,Plan with Nera,Planejar com a Nera,,
Portuguese,PT,neraWelcome,"Hi, I'm Nera, your Itinera trip planner. Tell me where you'd like to go and for how long, and I'll draft an itinerary for you to review.","Oi, eu sou a Nera, sua assistente de viagens do Itinera. Diga para onde quer ir e por quanto tempo, e eu preparo um roteiro para você revisar.",,
Portuguese,PT,neraSuggest1,5 days in London,5 dias em Londres,,
Portuguese,PT,neraSuggest2,Weekend in Paris,Fim de semana em Paris,,
Portuguese,PT,neraSuggest3,A week in Tokyo,Uma semana em Tóquio,,
Portuguese,PT,neraChangePrompt,Of course. What would you like to change?,Claro. O que você quer mudar?,,
Portuguese,PT,neraChange1,Make it more relaxed,Deixe mais tranquilo,,
Portuguese,PT,neraChange2,Add more food spots,Adicione mais lugares para comer,,
Portuguese,PT,neraChange3,Swap one day,Trocar um dia,,
Portuguese,PT,neraChange4,Cheaper options,Opções mais baratas,,
Portuguese,PT,neraInputHint,Ask Nera anything about your trip,Pergunte à Nera qualquer coisa sobre sua viagem,,
Portuguese,PT,neraSend,Send,Enviar,,
Portuguese,PT,neraApprove,Approve,Aprovar,,
Portuguese,PT,neraMakeChanges,Make changes,Fazer alterações,,
Portuguese,PT,neraSuperseded,Replaced by a newer draft,Substituído por um rascunho mais novo,,
Portuguese,PT,neraDaysDraft,%s days · Draft,%s dias · Rascunho,,
Portuguese,PT,neraDay,Day %s,Dia %s,,
Portuguese,PT,neraTripCreated,Nera created your trip,A Nera criou sua viagem,,
Portuguese,PT,neraFree,Free,Grátis,,
Portuguese,PT,neraErrNotSetUp,Nera isn't set up yet.,A Nera ainda não está configurada.,,
Portuguese,PT,neraErrSignIn,Please sign in to chat with Nera.,Entre na sua conta para conversar com a Nera.,,
Portuguese,PT,neraErrNetwork,Couldn't reach Nera. Check your connection and try again.,Não foi possível falar com a Nera. Verifique sua conexão e tente novamente.,,
Portuguese,PT,neraErrBadReply,Nera sent something I couldn't read. Please try again.,A Nera enviou algo que não consegui ler. Tente novamente.,,
Portuguese,PT,neraErrQuota,You've reached today's limit for Nera. Please try again tomorrow.,Você atingiu o limite diário da Nera. Tente novamente amanhã.,,
Portuguese,PT,neraErrGeneric,Nera is having trouble right now. Please try again.,A Nera está com problemas agora. Tente novamente.,,
Portuguese,PT,neraTrialDaysLeft,Free trial · Days left: %s,Teste grátis · Dias restantes: %s,,
Portuguese,PT,neraErrTrialEnded,Your free trial of Nera has ended. Thanks for trying her!,Seu teste grátis da Nera terminou. Obrigado por experimentar!,,
Dutch,NL,planWithNera,Plan with Nera,Plannen met Nera,,
Dutch,NL,neraWelcome,"Hi, I'm Nera, your Itinera trip planner. Tell me where you'd like to go and for how long, and I'll draft an itinerary for you to review.","Hoi, ik ben Nera, je Itinera-reisplanner. Vertel me waar je heen wilt en hoe lang, dan maak ik een reisschema om te bekijken.",,
Dutch,NL,neraSuggest1,5 days in London,5 dagen in Londen,,
Dutch,NL,neraSuggest2,Weekend in Paris,Weekend in Parijs,,
Dutch,NL,neraSuggest3,A week in Tokyo,Een week in Tokio,,
Dutch,NL,neraChangePrompt,Of course. What would you like to change?,Natuurlijk. Wat wil je aanpassen?,,
Dutch,NL,neraChange1,Make it more relaxed,Maak het rustiger,,
Dutch,NL,neraChange2,Add more food spots,Meer eetplekken toevoegen,,
Dutch,NL,neraChange3,Swap one day,Een dag omruilen,,
Dutch,NL,neraChange4,Cheaper options,Goedkopere opties,,
Dutch,NL,neraInputHint,Ask Nera anything about your trip,Vraag Nera alles over je reis,,
Dutch,NL,neraSend,Send,Verstuur,,
Dutch,NL,neraApprove,Approve,Goedkeuren,,
Dutch,NL,neraMakeChanges,Make changes,Wijzigingen aanbrengen,,
Dutch,NL,neraSuperseded,Replaced by a newer draft,Vervangen door een nieuwer concept,,
Dutch,NL,neraDaysDraft,%s days · Draft,%s dagen · Concept,,
Dutch,NL,neraDay,Day %s,Dag %s,,
Dutch,NL,neraTripCreated,Nera created your trip,Nera heeft je reis gemaakt,,
Dutch,NL,neraFree,Free,Gratis,,
Dutch,NL,neraErrNotSetUp,Nera isn't set up yet.,Nera is nog niet ingesteld.,,
Dutch,NL,neraErrSignIn,Please sign in to chat with Nera.,Log in om met Nera te chatten.,,
Dutch,NL,neraErrNetwork,Couldn't reach Nera. Check your connection and try again.,Kan Nera niet bereiken. Controleer je verbinding en probeer het opnieuw.,,
Dutch,NL,neraErrBadReply,Nera sent something I couldn't read. Please try again.,Nera stuurde iets dat ik niet kon lezen. Probeer het opnieuw.,,
Dutch,NL,neraErrQuota,You've reached today's limit for Nera. Please try again tomorrow.,Je hebt de dagelijkse limiet voor Nera bereikt. Probeer het morgen opnieuw.,,
Dutch,NL,neraErrGeneric,Nera is having trouble right now. Please try again.,Nera heeft nu problemen. Probeer het opnieuw.,,
Dutch,NL,neraTrialDaysLeft,Free trial · Days left: %s,Gratis proefperiode · Dagen over: %s,,
Dutch,NL,neraErrTrialEnded,Your free trial of Nera has ended. Thanks for trying her!,Je gratis proefperiode met Nera is afgelopen. Bedankt voor het uitproberen!,,
Polish,PL,planWithNera,Plan with Nera,Zaplanuj z Nerą,,
Polish,PL,neraWelcome,"Hi, I'm Nera, your Itinera trip planner. Tell me where you'd like to go and for how long, and I'll draft an itinerary for you to review.","Cześć, jestem Nera, twoja planerka podróży w Itinera. Powiedz, dokąd chcesz jechać i na jak długo, a przygotuję plan do sprawdzenia.",,
Polish,PL,neraSuggest1,5 days in London,5 dni w Londynie,,
Polish,PL,neraSuggest2,Weekend in Paris,Weekend w Paryżu,,
Polish,PL,neraSuggest3,A week in Tokyo,Tydzień w Tokio,,
Polish,PL,neraChangePrompt,Of course. What would you like to change?,Jasne. Co chcesz zmienić?,,
Polish,PL,neraChange1,Make it more relaxed,Zrób to spokojniej,,
Polish,PL,neraChange2,Add more food spots,Dodaj więcej miejsc na jedzenie,,
Polish,PL,neraChange3,Swap one day,Zamień jeden dzień,,
Polish,PL,neraChange4,Cheaper options,Tańsze opcje,,
Polish,PL,neraInputHint,Ask Nera anything about your trip,Zapytaj Nerę o cokolwiek o twojej podróży,,
Polish,PL,neraSend,Send,Wyślij,,
Polish,PL,neraApprove,Approve,Zatwierdź,,
Polish,PL,neraMakeChanges,Make changes,Wprowadź zmiany,,
Polish,PL,neraSuperseded,Replaced by a newer draft,Zastąpiono nowszą wersją,,
Polish,PL,neraDaysDraft,%s days · Draft,%s dni · Wersja robocza,,
Polish,PL,neraDay,Day %s,Dzień %s,,
Polish,PL,neraTripCreated,Nera created your trip,Nera utworzyła twoją podróż,,
Polish,PL,neraFree,Free,Bezpłatnie,,
Polish,PL,neraErrNotSetUp,Nera isn't set up yet.,Nera nie została jeszcze skonfigurowana.,,
Polish,PL,neraErrSignIn,Please sign in to chat with Nera.,"Zaloguj się, aby rozmawiać z Nerą.",,
Polish,PL,neraErrNetwork,Couldn't reach Nera. Check your connection and try again.,Nie można połączyć się z Nerą. Sprawdź połączenie i spróbuj ponownie.,,
Polish,PL,neraErrBadReply,Nera sent something I couldn't read. Please try again.,"Nera wysłała coś, czego nie mogłam odczytać. Spróbuj ponownie.",,
Polish,PL,neraErrQuota,You've reached today's limit for Nera. Please try again tomorrow.,Osiągnięto dzienny limit Nery. Spróbuj ponownie jutro.,,
Polish,PL,neraErrGeneric,Nera is having trouble right now. Please try again.,Nera ma teraz problemy. Spróbuj ponownie.,,
Polish,PL,neraTrialDaysLeft,Free trial · Days left: %s,Bezpłatny okres próbny · Pozostało dni: %s,,
Polish,PL,neraErrTrialEnded,Your free trial of Nera has ended. Thanks for trying her!,Twój bezpłatny okres próbny Nery dobiegł końca. Dziękujemy za wypróbowanie!,,
Chinese,ZH,planWithNera,Plan with Nera,用 Nera 规划,,
Chinese,ZH,neraWelcome,"Hi, I'm Nera, your Itinera trip planner. Tell me where you'd like to go and for how long, and I'll draft an itinerary for you to review.",你好，我是 Nera，你的 Itinera 行程规划助手。告诉我你想去哪里、去多久，我会起草一份行程供你查看。,,
Chinese,ZH,neraSuggest1,5 days in London,伦敦 5 天,,
Chinese,ZH,neraSuggest2,Weekend in Paris,巴黎周末游,,
Chinese,ZH,neraSuggest3,A week in Tokyo,东京一周,,
Chinese,ZH,neraChangePrompt,Of course. What would you like to change?,好的，你想修改什么？,,
Chinese,ZH,neraChange1,Make it more relaxed,节奏更轻松,,
Chinese,ZH,neraChange2,Add more food spots,增加更多美食地点,,
Chinese,ZH,neraChange3,Swap one day,替换其中一天,,
Chinese,ZH,neraChange4,Cheaper options,更便宜的选择,,
Chinese,ZH,neraInputHint,Ask Nera anything about your trip,向 Nera 询问任何旅行问题,,
Chinese,ZH,neraSend,Send,发送,,
Chinese,ZH,neraApprove,Approve,确认,,
Chinese,ZH,neraMakeChanges,Make changes,修改,,
Chinese,ZH,neraSuperseded,Replaced by a newer draft,已被更新的草稿取代,,
Chinese,ZH,neraDaysDraft,%s days · Draft,%s 天 · 草稿,,
Chinese,ZH,neraDay,Day %s,第 %s 天,,
Chinese,ZH,neraTripCreated,Nera created your trip,Nera 已创建你的行程,,
Chinese,ZH,neraFree,Free,免费,,
Chinese,ZH,neraErrNotSetUp,Nera isn't set up yet.,Nera 尚未设置完成。,,
Chinese,ZH,neraErrSignIn,Please sign in to chat with Nera.,请登录后与 Nera 聊天。,,
Chinese,ZH,neraErrNetwork,Couldn't reach Nera. Check your connection and try again.,无法连接 Nera，请检查网络后重试。,,
Chinese,ZH,neraErrBadReply,Nera sent something I couldn't read. Please try again.,Nera 返回了无法读取的内容，请重试。,,
Chinese,ZH,neraErrQuota,You've reached today's limit for Nera. Please try again tomorrow.,你已达到 Nera 今日的使用上限，请明天再试。,,
Chinese,ZH,neraErrGeneric,Nera is having trouble right now. Please try again.,Nera 暂时出现问题，请重试。,,
Chinese,ZH,neraTrialDaysLeft,Free trial · Days left: %s,免费试用 · 剩余天数：%s,,
Chinese,ZH,neraErrTrialEnded,Your free trial of Nera has ended. Thanks for trying her!,你对 Nera 的免费试用已结束。感谢你的体验！,,
Japanese,JP,planWithNera,Plan with Nera,Neraでプランを作る,,
Japanese,JP,neraWelcome,"Hi, I'm Nera, your Itinera trip planner. Tell me where you'd like to go and for how long, and I'll draft an itinerary for you to review.",こんにちは、Itineraの旅行プランナー、Neraです。行きたい場所と日数を教えてください。確認用の旅程を作成します。,,
Japanese,JP,neraSuggest1,5 days in London,ロンドン5日間,,
Japanese,JP,neraSuggest2,Weekend in Paris,パリ週末旅行,,
Japanese,JP,neraSuggest3,A week in Tokyo,東京1週間,,
Japanese,JP,neraChangePrompt,Of course. What would you like to change?,もちろんです。どこを変更しますか？,,
Japanese,JP,neraChange1,Make it more relaxed,もっとゆったりに,,
Japanese,JP,neraChange2,Add more food spots,グルメスポットを追加,,
Japanese,JP,neraChange3,Swap one day,1日を入れ替える,,
Japanese,JP,neraChange4,Cheaper options,もっと安い選択肢,,
Japanese,JP,neraInputHint,Ask Nera anything about your trip,旅行についてNeraに何でも聞いてください,,
Japanese,JP,neraSend,Send,送信,,
Japanese,JP,neraApprove,Approve,承認,,
Japanese,JP,neraMakeChanges,Make changes,変更する,,
Japanese,JP,neraSuperseded,Replaced by a newer draft,新しい下書きに置き換えられました,,
Japanese,JP,neraDaysDraft,%s days · Draft,%s日間 · 下書き,,
Japanese,JP,neraDay,Day %s,%s日目,,
Japanese,JP,neraTripCreated,Nera created your trip,Neraが旅行を作成しました,,
Japanese,JP,neraFree,Free,無料,,
Japanese,JP,neraErrNotSetUp,Nera isn't set up yet.,Neraはまだ設定されていません。,,
Japanese,JP,neraErrSignIn,Please sign in to chat with Nera.,Neraとチャットするにはサインインしてください。,,
Japanese,JP,neraErrNetwork,Couldn't reach Nera. Check your connection and try again.,Neraに接続できません。接続を確認してもう一度お試しください。,,
Japanese,JP,neraErrBadReply,Nera sent something I couldn't read. Please try again.,Neraの応答を読み取れませんでした。もう一度お試しください。,,
Japanese,JP,neraErrQuota,You've reached today's limit for Nera. Please try again tomorrow.,Neraの1日の利用上限に達しました。明日もう一度お試しください。,,
Japanese,JP,neraErrGeneric,Nera is having trouble right now. Please try again.,Neraに問題が発生しています。もう一度お試しください。,,
Japanese,JP,neraTrialDaysLeft,Free trial · Days left: %s,無料トライアル · 残り日数：%s,,
Japanese,JP,neraErrTrialEnded,Your free trial of Nera has ended. Thanks for trying her!,Neraの無料トライアルは終了しました。お試しいただきありがとうございました！,,
Korean,KR,planWithNera,Plan with Nera,Nera와 계획하기,,
Korean,KR,neraWelcome,"Hi, I'm Nera, your Itinera trip planner. Tell me where you'd like to go and for how long, and I'll draft an itinerary for you to review.","안녕하세요, Itinera 여행 플래너 Nera예요. 가고 싶은 곳과 기간을 알려주시면 검토할 수 있는 일정을 만들어 드릴게요.",,
Korean,KR,neraSuggest1,5 days in London,런던 5일,,
Korean,KR,neraSuggest2,Weekend in Paris,파리 주말여행,,
Korean,KR,neraSuggest3,A week in Tokyo,도쿄 일주일,,
Korean,KR,neraChangePrompt,Of course. What would you like to change?,물론이죠. 무엇을 바꿀까요?,,
Korean,KR,neraChange1,Make it more relaxed,더 여유롭게,,
Korean,KR,neraChange2,Add more food spots,맛집 더 추가,,
Korean,KR,neraChange3,Swap one day,하루 바꾸기,,
Korean,KR,neraChange4,Cheaper options,더 저렴한 옵션,,
Korean,KR,neraInputHint,Ask Nera anything about your trip,여행에 대해 Nera에게 무엇이든 물어보세요,,
Korean,KR,neraSend,Send,보내기,,
Korean,KR,neraApprove,Approve,승인,,
Korean,KR,neraMakeChanges,Make changes,수정하기,,
Korean,KR,neraSuperseded,Replaced by a newer draft,더 최신 초안으로 대체됨,,
Korean,KR,neraDaysDraft,%s days · Draft,%s일 · 초안,,
Korean,KR,neraDay,Day %s,%s일차,,
Korean,KR,neraTripCreated,Nera created your trip,Nera가 여행을 만들었어요,,
Korean,KR,neraFree,Free,무료,,
Korean,KR,neraErrNotSetUp,Nera isn't set up yet.,Nera가 아직 설정되지 않았어요.,,
Korean,KR,neraErrSignIn,Please sign in to chat with Nera.,Nera와 대화하려면 로그인하세요.,,
Korean,KR,neraErrNetwork,Couldn't reach Nera. Check your connection and try again.,Nera에 연결할 수 없어요. 연결을 확인하고 다시 시도하세요.,,
Korean,KR,neraErrBadReply,Nera sent something I couldn't read. Please try again.,Nera가 읽을 수 없는 응답을 보냈어요. 다시 시도하세요.,,
Korean,KR,neraErrQuota,You've reached today's limit for Nera. Please try again tomorrow.,오늘 Nera 사용 한도에 도달했어요. 내일 다시 시도하세요.,,
Korean,KR,neraErrGeneric,Nera is having trouble right now. Please try again.,Nera에 문제가 생겼어요. 다시 시도하세요.,,
Korean,KR,neraTrialDaysLeft,Free trial · Days left: %s,무료 체험 · 남은 일수: %s,,
Korean,KR,neraErrTrialEnded,Your free trial of Nera has ended. Thanks for trying her!,Nera 무료 체험이 끝났어요. 이용해 주셔서 감사합니다!,,
Slovenian,SL,planWithNera,Plan with Nera,Načrtuj z Nero,,
Slovenian,SL,neraWelcome,"Hi, I'm Nera, your Itinera trip planner. Tell me where you'd like to go and for how long, and I'll draft an itinerary for you to review.","Živjo, sem Nera, tvoja načrtovalka potovanj v Itineri. Povej mi, kam bi rad šel in za koliko časa, jaz pa bom pripravila načrt v pregled.",,
Slovenian,SL,neraSuggest1,5 days in London,5 dni v Londonu,,
Slovenian,SL,neraSuggest2,Weekend in Paris,Vikend v Parizu,,
Slovenian,SL,neraSuggest3,A week in Tokyo,Teden dni v Tokiu,,
Slovenian,SL,neraChangePrompt,Of course. What would you like to change?,Seveda. Kaj bi rad spremenil?,,
Slovenian,SL,neraChange1,Make it more relaxed,Bolj sproščeno,,
Slovenian,SL,neraChange2,Add more food spots,Dodaj več krajev za jesti,,
Slovenian,SL,neraChange3,Swap one day,Zamenjaj en dan,,
Slovenian,SL,neraChange4,Cheaper options,Cenejše možnosti,,
Slovenian,SL,neraInputHint,Ask Nera anything about your trip,Vprašaj Nero karkoli o svojem potovanju,,
Slovenian,SL,neraSend,Send,Pošlji,,
Slovenian,SL,neraApprove,Approve,Potrdi,,
Slovenian,SL,neraMakeChanges,Make changes,Naredi spremembe,,
Slovenian,SL,neraSuperseded,Replaced by a newer draft,Nadomeščeno z novejšim osnutkom,,
Slovenian,SL,neraDaysDraft,%s days · Draft,%s dni · Osnutek,,
Slovenian,SL,neraDay,Day %s,Dan %s,,
Slovenian,SL,neraTripCreated,Nera created your trip,Nera je ustvarila tvoje potovanje,,
Slovenian,SL,neraFree,Free,Brezplačno,,
Slovenian,SL,neraErrNotSetUp,Nera isn't set up yet.,Nera še ni nastavljena.,,
Slovenian,SL,neraErrSignIn,Please sign in to chat with Nera.,"Prijavi se, da se pogovarjaš z Nero.",,
Slovenian,SL,neraErrNetwork,Couldn't reach Nera. Check your connection and try again.,Nere ni mogoče doseči. Preveri povezavo in poskusi znova.,,
Slovenian,SL,neraErrBadReply,Nera sent something I couldn't read. Please try again.,"Nera je poslala nekaj, česar nisem mogla prebrati. Poskusi znova.",,
Slovenian,SL,neraErrQuota,You've reached today's limit for Nera. Please try again tomorrow.,Dosegel si dnevno omejitev za Nero. Poskusi znova jutri.,,
Slovenian,SL,neraErrGeneric,Nera is having trouble right now. Please try again.,Nera ima trenutno težave. Poskusi znova.,,
Slovenian,SL,neraTrialDaysLeft,Free trial · Days left: %s,Brezplačno preizkusno obdobje · Preostali dnevi: %s,,
Slovenian,SL,neraErrTrialEnded,Your free trial of Nera has ended. Thanks for trying her!,"Tvoje brezplačno preizkusno obdobje z Nero se je končalo. Hvala, ker si jo preizkusil!",,
Serbian,SR,planWithNera,Plan with Nera,Планирај са Нером,,
Serbian,SR,neraWelcome,"Hi, I'm Nera, your Itinera trip planner. Tell me where you'd like to go and for how long, and I'll draft an itinerary for you to review.","Здраво, ја сам Нера, твој планер путовања у Itinera. Реци ми куда желиш и на колико дана, а ја ћу припремити план на преглед.",,
Serbian,SR,neraSuggest1,5 days in London,5 дана у Лондону,,
Serbian,SR,neraSuggest2,Weekend in Paris,Викенд у Паризу,,
Serbian,SR,neraSuggest3,A week in Tokyo,Недељу дана у Токију,,
Serbian,SR,neraChangePrompt,Of course. What would you like to change?,Наравно. Шта желиш да промениш?,,
Serbian,SR,neraChange1,Make it more relaxed,Опуштеније,,
Serbian,SR,neraChange2,Add more food spots,Додај више места за јело,,
Serbian,SR,neraChange3,Swap one day,Замени један дан,,
Serbian,SR,neraChange4,Cheaper options,Јефтиније опције,,
Serbian,SR,neraInputHint,Ask Nera anything about your trip,Питај Неру било шта о свом путовању,,
Serbian,SR,neraSend,Send,Пошаљи,,
Serbian,SR,neraApprove,Approve,Одобри,,
Serbian,SR,neraMakeChanges,Make changes,Направи измене,,
Serbian,SR,neraSuperseded,Replaced by a newer draft,Замењено новијим нацртом,,
Serbian,SR,neraDaysDraft,%s days · Draft,%s дана · Нацрт,,
Serbian,SR,neraDay,Day %s,Дан %s,,
Serbian,SR,neraTripCreated,Nera created your trip,Нера је направила твоје путовање,,
Serbian,SR,neraFree,Free,Бесплатно,,
Serbian,SR,neraErrNotSetUp,Nera isn't set up yet.,Нера још није подешена.,,
Serbian,SR,neraErrSignIn,Please sign in to chat with Nera.,Пријави се да разговараш са Нером.,,
Serbian,SR,neraErrNetwork,Couldn't reach Nera. Check your connection and try again.,Није могуће повезати се са Нером. Провери везу и покушај поново.,,
Serbian,SR,neraErrBadReply,Nera sent something I couldn't read. Please try again.,Нера је послала нешто што нисам могла да прочитам. Покушај поново.,,
Serbian,SR,neraErrQuota,You've reached today's limit for Nera. Please try again tomorrow.,Достигнут је дневни лимит за Неру. Покушај поново сутра.,,
Serbian,SR,neraErrGeneric,Nera is having trouble right now. Please try again.,Нера тренутно има проблема. Покушај поново.,,
Serbian,SR,neraTrialDaysLeft,Free trial · Days left: %s,Бесплатан пробни период · Преостало дана: %s,,
Serbian,SR,neraErrTrialEnded,Your free trial of Nera has ended. Thanks for trying her!,Твој бесплатан пробни период са Нером је завршен. Хвала што си је испробао!,,
Albanian,SQ,planWithNera,Plan with Nera,Planifiko me Nera,,
Albanian,SQ,neraWelcome,"Hi, I'm Nera, your Itinera trip planner. Tell me where you'd like to go and for how long, and I'll draft an itinerary for you to review.","Përshëndetje, jam Nera, planifikuesja jote e udhëtimeve në Itinera. Më trego ku do të shkosh dhe për sa kohë, dhe do të përgatis një itinerar për ta shqyrtuar.",,
Albanian,SQ,neraSuggest1,5 days in London,5 ditë në Londër,,
Albanian,SQ,neraSuggest2,Weekend in Paris,Fundjavë në Paris,,
Albanian,SQ,neraSuggest3,A week in Tokyo,Një javë në Tokio,,
Albanian,SQ,neraChangePrompt,Of course. What would you like to change?,Sigurisht. Çfarë dëshiron të ndryshosh?,,
Albanian,SQ,neraChange1,Make it more relaxed,Bëje më të qetë,,
Albanian,SQ,neraChange2,Add more food spots,Shto më shumë vende për të ngrënë,,
Albanian,SQ,neraChange3,Swap one day,Ndrysho një ditë,,
Albanian,SQ,neraChange4,Cheaper options,Opsione më të lira,,
Albanian,SQ,neraInputHint,Ask Nera anything about your trip,Pyet Nerën çdo gjë për udhëtimin tënd,,
Albanian,SQ,neraSend,Send,Dërgo,,
Albanian,SQ,neraApprove,Approve,Miratoje,,
Albanian,SQ,neraMakeChanges,Make changes,Bëj ndryshime,,
Albanian,SQ,neraSuperseded,Replaced by a newer draft,Zëvendësuar nga një draft më i ri,,
Albanian,SQ,neraDaysDraft,%s days · Draft,%s ditë · Draft,,
Albanian,SQ,neraDay,Day %s,Dita %s,,
Albanian,SQ,neraTripCreated,Nera created your trip,Nera krijoi udhëtimin tënd,,
Albanian,SQ,neraFree,Free,Falas,,
Albanian,SQ,neraErrNotSetUp,Nera isn't set up yet.,Nera nuk është konfiguruar ende.,,
Albanian,SQ,neraErrSignIn,Please sign in to chat with Nera.,Hyr për të biseduar me Nerën.,,
Albanian,SQ,neraErrNetwork,Couldn't reach Nera. Check your connection and try again.,Nuk arrita të kontaktoj Nerën. Kontrollo lidhjen dhe provo përsëri.,,
Albanian,SQ,neraErrBadReply,Nera sent something I couldn't read. Please try again.,Nera dërgoi diçka që nuk munda ta lexoj. Provo përsëri.,,
Albanian,SQ,neraErrQuota,You've reached today's limit for Nera. Please try again tomorrow.,Ke arritur kufirin ditor për Nerën. Provo përsëri nesër.,,
Albanian,SQ,neraErrGeneric,Nera is having trouble right now. Please try again.,Nera ka probleme tani. Provo përsëri.,,
Albanian,SQ,neraTrialDaysLeft,Free trial · Days left: %s,Provë falas · Ditë të mbetura: %s,,
Albanian,SQ,neraErrTrialEnded,Your free trial of Nera has ended. Thanks for trying her!,Prova jote falas me Nerën ka përfunduar. Faleminderit që e provove!,,
Macedonian,MK,planWithNera,Plan with Nera,Планирај со Нера,,
Macedonian,MK,neraWelcome,"Hi, I'm Nera, your Itinera trip planner. Tell me where you'd like to go and for how long, and I'll draft an itinerary for you to review.","Здраво, јас сум Нера, твојот планер за патувања во Itinera. Кажи ми каде сакаш да одиш и за колку време, а јас ќе подготвам план за преглед.",,
Macedonian,MK,neraSuggest1,5 days in London,5 дена во Лондон,,
Macedonian,MK,neraSuggest2,Weekend in Paris,Викенд во Париз,,
Macedonian,MK,neraSuggest3,A week in Tokyo,Една недела во Токио,,
Macedonian,MK,neraChangePrompt,Of course. What would you like to change?,Секако. Што сакаш да промениш?,,
Macedonian,MK,neraChange1,Make it more relaxed,Порелаксирано,,
Macedonian,MK,neraChange2,Add more food spots,Додај повеќе места за јадење,,
Macedonian,MK,neraChange3,Swap one day,Замени еден ден,,
Macedonian,MK,neraChange4,Cheaper options,Поевтини опции,,
Macedonian,MK,neraInputHint,Ask Nera anything about your trip,Прашај ја Нера било што за твоето патување,,
Macedonian,MK,neraSend,Send,Испрати,,
Macedonian,MK,neraApprove,Approve,Одобри,,
Macedonian,MK,neraMakeChanges,Make changes,Направи промени,,
Macedonian,MK,neraSuperseded,Replaced by a newer draft,Заменето со поново нацрт,,
Macedonian,MK,neraDaysDraft,%s days · Draft,%s дена · Нацрт,,
Macedonian,MK,neraDay,Day %s,Ден %s,,
Macedonian,MK,neraTripCreated,Nera created your trip,Нера го создаде твоето патување,,
Macedonian,MK,neraFree,Free,Бесплатно,,
Macedonian,MK,neraErrNotSetUp,Nera isn't set up yet.,Нера сè уште не е поставена.,,
Macedonian,MK,neraErrSignIn,Please sign in to chat with Nera.,Најави се за да разговараш со Нера.,,
Macedonian,MK,neraErrNetwork,Couldn't reach Nera. Check your connection and try again.,Не може да се допре до Нера. Провери ја врската и обиди се повторно.,,
Macedonian,MK,neraErrBadReply,Nera sent something I couldn't read. Please try again.,Нера испрати нешто што не можев да го прочитам. Обиди се повторно.,,
Macedonian,MK,neraErrQuota,You've reached today's limit for Nera. Please try again tomorrow.,Го достигна дневниот лимит за Нера. Обиди се повторно утре.,,
Macedonian,MK,neraErrGeneric,Nera is having trouble right now. Please try again.,Нера има проблеми во моментов. Обиди се повторно.,,
Macedonian,MK,neraTrialDaysLeft,Free trial · Days left: %s,Бесплатен пробен период · Преостанати денови: %s,,
Macedonian,MK,neraErrTrialEnded,Your free trial of Nera has ended. Thanks for trying her!,Твојот бесплатен пробен период со Нера заврши. Благодариме што ја пробаше!,,
Moldovan,MO,planWithNera,Plan with Nera,Planifică cu Nera,,
Moldovan,MO,neraWelcome,"Hi, I'm Nera, your Itinera trip planner. Tell me where you'd like to go and for how long, and I'll draft an itinerary for you to review.","Salut, sunt Nera, planificatorul tău de călătorii din Itinera. Spune-mi unde vrei să mergi și pentru cât timp, iar eu îți pregătesc un itinerar de verificat.",,
Moldovan,MO,neraSuggest1,5 days in London,5 zile la Londra,,
Moldovan,MO,neraSuggest2,Weekend in Paris,Weekend la Paris,,
Moldovan,MO,neraSuggest3,A week in Tokyo,O săptămână la Tokyo,,
Moldovan,MO,neraChangePrompt,Of course. What would you like to change?,Sigur. Ce vrei să schimbi?,,
Moldovan,MO,neraChange1,Make it more relaxed,Mai relaxat,,
Moldovan,MO,neraChange2,Add more food spots,Adaugă mai multe locuri de mâncat,,
Moldovan,MO,neraChange3,Swap one day,Schimbă o zi,,
Moldovan,MO,neraChange4,Cheaper options,Opțiuni mai ieftine,,
Moldovan,MO,neraInputHint,Ask Nera anything about your trip,Întreab-o pe Nera orice despre călătoria ta,,
Moldovan,MO,neraSend,Send,Trimite,,
Moldovan,MO,neraApprove,Approve,Aprobă,,
Moldovan,MO,neraMakeChanges,Make changes,Fă modificări,,
Moldovan,MO,neraSuperseded,Replaced by a newer draft,Înlocuit cu o ciornă mai nouă,,
Moldovan,MO,neraDaysDraft,%s days · Draft,%s zile · Ciornă,,
Moldovan,MO,neraDay,Day %s,Ziua %s,,
Moldovan,MO,neraTripCreated,Nera created your trip,Nera ți-a creat călătoria,,
Moldovan,MO,neraFree,Free,Gratuit,,
Moldovan,MO,neraErrNotSetUp,Nera isn't set up yet.,Nera nu este încă configurată.,,
Moldovan,MO,neraErrSignIn,Please sign in to chat with Nera.,Autentifică-te pentru a vorbi cu Nera.,,
Moldovan,MO,neraErrNetwork,Couldn't reach Nera. Check your connection and try again.,Nu am putut contacta Nera. Verifică conexiunea și încearcă din nou.,,
Moldovan,MO,neraErrBadReply,Nera sent something I couldn't read. Please try again.,Nera a trimis ceva ce nu am putut citi. Încearcă din nou.,,
Moldovan,MO,neraErrQuota,You've reached today's limit for Nera. Please try again tomorrow.,Ai atins limita zilnică pentru Nera. Încearcă din nou mâine.,,
Moldovan,MO,neraErrGeneric,Nera is having trouble right now. Please try again.,Nera are probleme acum. Încearcă din nou.,,
Moldovan,MO,neraTrialDaysLeft,Free trial · Days left: %s,Probă gratuită · Zile rămase: %s,,
Moldovan,MO,neraErrTrialEnded,Your free trial of Nera has ended. Thanks for trying her!,Perioada ta de probă gratuită cu Nera s-a încheiat. Mulțumim că ai încercat-o!,,
Norwegian,NO,planWithNera,Plan with Nera,Planlegg med Nera,,
Norwegian,NO,neraWelcome,"Hi, I'm Nera, your Itinera trip planner. Tell me where you'd like to go and for how long, and I'll draft an itinerary for you to review.","Hei, jeg er Nera, din reiseplanlegger i Itinera. Fortell meg hvor du vil reise og hvor lenge, så lager jeg et reiseforslag du kan se over.",,
Norwegian,NO,neraSuggest1,5 days in London,5 dager i London,,
Norwegian,NO,neraSuggest2,Weekend in Paris,Helg i Paris,,
Norwegian,NO,neraSuggest3,A week in Tokyo,En uke i Tokyo,,
Norwegian,NO,neraChangePrompt,Of course. What would you like to change?,Selvfølgelig. Hva vil du endre?,,
Norwegian,NO,neraChange1,Make it more relaxed,Gjør det roligere,,
Norwegian,NO,neraChange2,Add more food spots,Legg til flere spisesteder,,
Norwegian,NO,neraChange3,Swap one day,Bytt ut en dag,,
Norwegian,NO,neraChange4,Cheaper options,Billigere alternativer,,
Norwegian,NO,neraInputHint,Ask Nera anything about your trip,Spør Nera om alt om reisen din,,
Norwegian,NO,neraSend,Send,Send,,
Norwegian,NO,neraApprove,Approve,Godkjenn,,
Norwegian,NO,neraMakeChanges,Make changes,Gjør endringer,,
Norwegian,NO,neraSuperseded,Replaced by a newer draft,Erstattet av et nyere utkast,,
Norwegian,NO,neraDaysDraft,%s days · Draft,%s dager · Utkast,,
Norwegian,NO,neraDay,Day %s,Dag %s,,
Norwegian,NO,neraTripCreated,Nera created your trip,Nera opprettet reisen din,,
Norwegian,NO,neraFree,Free,Gratis,,
Norwegian,NO,neraErrNotSetUp,Nera isn't set up yet.,Nera er ikke satt opp ennå.,,
Norwegian,NO,neraErrSignIn,Please sign in to chat with Nera.,Logg inn for å chatte med Nera.,,
Norwegian,NO,neraErrNetwork,Couldn't reach Nera. Check your connection and try again.,Får ikke kontakt med Nera. Sjekk tilkoblingen og prøv igjen.,,
Norwegian,NO,neraErrBadReply,Nera sent something I couldn't read. Please try again.,Nera sendte noe jeg ikke kunne lese. Prøv igjen.,,
Norwegian,NO,neraErrQuota,You've reached today's limit for Nera. Please try again tomorrow.,Du har nådd dagens grense for Nera. Prøv igjen i morgen.,,
Norwegian,NO,neraErrGeneric,Nera is having trouble right now. Please try again.,Nera har problemer akkurat nå. Prøv igjen.,,
Norwegian,NO,neraTrialDaysLeft,Free trial · Days left: %s,Gratis prøveperiode · Dager igjen: %s,,
Norwegian,NO,neraErrTrialEnded,Your free trial of Nera has ended. Thanks for trying her!,Den gratis prøveperioden din med Nera er over. Takk for at du prøvde henne!,,
Finnish,FI,planWithNera,Plan with Nera,Suunnittele Neran kanssa,,
Finnish,FI,neraWelcome,"Hi, I'm Nera, your Itinera trip planner. Tell me where you'd like to go and for how long, and I'll draft an itinerary for you to review.","Hei, olen Nera, Itineran matkasuunnittelijasi. Kerro minne, minne haluat matkustaa ja kuinka pitkäksi aikaa, niin laadin matkasuunnitelman tarkistettavaksesi.",,
Finnish,FI,neraSuggest1,5 days in London,5 päivää Lontoossa,,
Finnish,FI,neraSuggest2,Weekend in Paris,Viikonloppu Pariisissa,,
Finnish,FI,neraSuggest3,A week in Tokyo,Viikko Tokiossa,,
Finnish,FI,neraChangePrompt,Of course. What would you like to change?,Totta kai. Mitä haluat muuttaa?,,
Finnish,FI,neraChange1,Make it more relaxed,Tee siitä rennompi,,
Finnish,FI,neraChange2,Add more food spots,Lisää ruokapaikkoja,,
Finnish,FI,neraChange3,Swap one day,Vaihda yksi päivä,,
Finnish,FI,neraChange4,Cheaper options,Edullisempia vaihtoehtoja,,
Finnish,FI,neraInputHint,Ask Nera anything about your trip,Kysy Neralta mitä tahansa matkastasi,,
Finnish,FI,neraSend,Send,Lähetä,,
Finnish,FI,neraApprove,Approve,Hyväksy,,
Finnish,FI,neraMakeChanges,Make changes,Tee muutoksia,,
Finnish,FI,neraSuperseded,Replaced by a newer draft,Korvattu uudemmalla luonnoksella,,
Finnish,FI,neraDaysDraft,%s days · Draft,%s päivää · Luonnos,,
Finnish,FI,neraDay,Day %s,Päivä %s,,
Finnish,FI,neraTripCreated,Nera created your trip,Nera loi matkasi,,
Finnish,FI,neraFree,Free,Ilmainen,,
Finnish,FI,neraErrNotSetUp,Nera isn't set up yet.,Neraa ei ole vielä määritetty.,,
Finnish,FI,neraErrSignIn,Please sign in to chat with Nera.,Kirjaudu sisään keskustellaksesi Neran kanssa.,,
Finnish,FI,neraErrNetwork,Couldn't reach Nera. Check your connection and try again.,Neraan ei saada yhteyttä. Tarkista yhteys ja yritä uudelleen.,,
Finnish,FI,neraErrBadReply,Nera sent something I couldn't read. Please try again.,"Nera lähetti jotain, mitä en voinut lukea. Yritä uudelleen.",,
Finnish,FI,neraErrQuota,You've reached today's limit for Nera. Please try again tomorrow.,Olet saavuttanut Neran päivärajan. Yritä uudelleen huomenna.,,
Finnish,FI,neraErrGeneric,Nera is having trouble right now. Please try again.,Neralla on ongelmia juuri nyt. Yritä uudelleen.,,
Finnish,FI,neraTrialDaysLeft,Free trial · Days left: %s,Ilmainen kokeilu · Päiviä jäljellä: %s,,
Finnish,FI,neraErrTrialEnded,Your free trial of Nera has ended. Thanks for trying her!,Ilmainen Nera-kokeilusi on päättynyt. Kiitos kun kokeilit!,,
Swedish,SV,planWithNera,Plan with Nera,Planera med Nera,,
Swedish,SV,neraWelcome,"Hi, I'm Nera, your Itinera trip planner. Tell me where you'd like to go and for how long, and I'll draft an itinerary for you to review.","Hej, jag är Nera, din reseplanerare i Itinera. Berätta vart du vill resa och hur länge, så gör jag ett reseförslag som du kan granska.",,
Swedish,SV,neraSuggest1,5 days in London,5 dagar i London,,
Swedish,SV,neraSuggest2,Weekend in Paris,Helg i Paris,,
Swedish,SV,neraSuggest3,A week in Tokyo,En vecka i Tokyo,,
Swedish,SV,neraChangePrompt,Of course. What would you like to change?,Självklart. Vad vill du ändra?,,
Swedish,SV,neraChange1,Make it more relaxed,Gör det lugnare,,
Swedish,SV,neraChange2,Add more food spots,Lägg till fler matställen,,
Swedish,SV,neraChange3,Swap one day,Byt ut en dag,,
Swedish,SV,neraChange4,Cheaper options,Billigare alternativ,,
Swedish,SV,neraInputHint,Ask Nera anything about your trip,Fråga Nera vad som helst om din resa,,
Swedish,SV,neraSend,Send,Skicka,,
Swedish,SV,neraApprove,Approve,Godkänn,,
Swedish,SV,neraMakeChanges,Make changes,Gör ändringar,,
Swedish,SV,neraSuperseded,Replaced by a newer draft,Ersatt av ett nyare utkast,,
Swedish,SV,neraDaysDraft,%s days · Draft,%s dagar · Utkast,,
Swedish,SV,neraDay,Day %s,Dag %s,,
Swedish,SV,neraTripCreated,Nera created your trip,Nera skapade din resa,,
Swedish,SV,neraFree,Free,Gratis,,
Swedish,SV,neraErrNotSetUp,Nera isn't set up yet.,Nera är inte konfigurerad än.,,
Swedish,SV,neraErrSignIn,Please sign in to chat with Nera.,Logga in för att chatta med Nera.,,
Swedish,SV,neraErrNetwork,Couldn't reach Nera. Check your connection and try again.,Det gick inte att nå Nera. Kontrollera anslutningen och försök igen.,,
Swedish,SV,neraErrBadReply,Nera sent something I couldn't read. Please try again.,Nera skickade något jag inte kunde läsa. Försök igen.,,
Swedish,SV,neraErrQuota,You've reached today's limit for Nera. Please try again tomorrow.,Du har nått dagens gräns för Nera. Försök igen imorgon.,,
Swedish,SV,neraErrGeneric,Nera is having trouble right now. Please try again.,Nera har problem just nu. Försök igen.,,
Swedish,SV,neraTrialDaysLeft,Free trial · Days left: %s,Gratis provperiod · Dagar kvar: %s,,
Swedish,SV,neraErrTrialEnded,Your free trial of Nera has ended. Thanks for trying her!,Din gratis provperiod med Nera har tagit slut. Tack för att du testade henne!,,
Danish,DA,planWithNera,Plan with Nera,Planlæg med Nera,,
Danish,DA,neraWelcome,"Hi, I'm Nera, your Itinera trip planner. Tell me where you'd like to go and for how long, and I'll draft an itinerary for you to review.","Hej, jeg er Nera, din rejseplanlægger i Itinera. Fortæl mig, hvor du vil hen, og hvor længe, så laver jeg et rejseforslag, du kan se på.",,
Danish,DA,neraSuggest1,5 days in London,5 dage i London,,
Danish,DA,neraSuggest2,Weekend in Paris,Weekend i Paris,,
Danish,DA,neraSuggest3,A week in Tokyo,En uge i Tokyo,,
Danish,DA,neraChangePrompt,Of course. What would you like to change?,Selvfølgelig. Hvad vil du ændre?,,
Danish,DA,neraChange1,Make it more relaxed,Gør det mere afslappet,,
Danish,DA,neraChange2,Add more food spots,Tilføj flere spisesteder,,
Danish,DA,neraChange3,Swap one day,Byt en dag,,
Danish,DA,neraChange4,Cheaper options,Billigere muligheder,,
Danish,DA,neraInputHint,Ask Nera anything about your trip,Spørg Nera om alt om din rejse,,
Danish,DA,neraSend,Send,Send,,
Danish,DA,neraApprove,Approve,Godkend,,
Danish,DA,neraMakeChanges,Make changes,Foretag ændringer,,
Danish,DA,neraSuperseded,Replaced by a newer draft,Erstattet af et nyere udkast,,
Danish,DA,neraDaysDraft,%s days · Draft,%s dage · Udkast,,
Danish,DA,neraDay,Day %s,Dag %s,,
Danish,DA,neraTripCreated,Nera created your trip,Nera oprettede din rejse,,
Danish,DA,neraFree,Free,Gratis,,
Danish,DA,neraErrNotSetUp,Nera isn't set up yet.,Nera er ikke sat op endnu.,,
Danish,DA,neraErrSignIn,Please sign in to chat with Nera.,Log ind for at chatte med Nera.,,
Danish,DA,neraErrNetwork,Couldn't reach Nera. Check your connection and try again.,"Kan ikke få fat i Nera. Tjek din forbindelse, og prøv igen.",,
Danish,DA,neraErrBadReply,Nera sent something I couldn't read. Please try again.,"Nera sendte noget, jeg ikke kunne læse. Prøv igen.",,
Danish,DA,neraErrQuota,You've reached today's limit for Nera. Please try again tomorrow.,Du har nået dagens grænse for Nera. Prøv igen i morgen.,,
Danish,DA,neraErrGeneric,Nera is having trouble right now. Please try again.,Nera har problemer lige nu. Prøv igen.,,
Danish,DA,neraTrialDaysLeft,Free trial · Days left: %s,Gratis prøveperiode · Dage tilbage: %s,,
Danish,DA,neraErrTrialEnded,Your free trial of Nera has ended. Thanks for trying her!,Din gratis prøveperiode med Nera er slut. Tak fordi du prøvede hende!,,
Estonian,ET,planWithNera,Plan with Nera,Planeeri Neraga,,
Estonian,ET,neraWelcome,"Hi, I'm Nera, your Itinera trip planner. Tell me where you'd like to go and for how long, and I'll draft an itinerary for you to review.","Tere, mina olen Nera, sinu Itinera reisiplaneerija. Ütle, kuhu tahad minna ja kui pikaks ajaks, ning koostan sulle ülevaatamiseks reisiplaani.",,
Estonian,ET,neraSuggest1,5 days in London,5 päeva Londonis,,
Estonian,ET,neraSuggest2,Weekend in Paris,Nädalavahetus Pariisis,,
Estonian,ET,neraSuggest3,A week in Tokyo,Nädal Tokyos,,
Estonian,ET,neraChangePrompt,Of course. What would you like to change?,Muidugi. Mida tahad muuta?,,
Estonian,ET,neraChange1,Make it more relaxed,Tee rahulikumaks,,
Estonian,ET,neraChange2,Add more food spots,Lisa rohkem söögikohti,,
Estonian,ET,neraChange3,Swap one day,Vaheta üks päev,,
Estonian,ET,neraChange4,Cheaper options,Odavamad valikud,,
Estonian,ET,neraInputHint,Ask Nera anything about your trip,Küsi Nerald mida tahes oma reisi kohta,,
Estonian,ET,neraSend,Send,Saada,,
Estonian,ET,neraApprove,Approve,Kinnita,,
Estonian,ET,neraMakeChanges,Make changes,Tee muudatusi,,
Estonian,ET,neraSuperseded,Replaced by a newer draft,Asendatud uuema mustandiga,,
Estonian,ET,neraDaysDraft,%s days · Draft,%s päeva · Mustand,,
Estonian,ET,neraDay,Day %s,%s. päev,,
Estonian,ET,neraTripCreated,Nera created your trip,Nera lõi sinu reisi,,
Estonian,ET,neraFree,Free,Tasuta,,
Estonian,ET,neraErrNotSetUp,Nera isn't set up yet.,Nera pole veel seadistatud.,,
Estonian,ET,neraErrSignIn,Please sign in to chat with Nera.,"Logi sisse, et Neraga vestelda.",,
Estonian,ET,neraErrNetwork,Couldn't reach Nera. Check your connection and try again.,Nerani ei jõua. Kontrolli ühendust ja proovi uuesti.,,
Estonian,ET,neraErrBadReply,Nera sent something I couldn't read. Please try again.,"Nera saatis midagi, mida ma ei suutnud lugeda. Proovi uuesti.",,
Estonian,ET,neraErrQuota,You've reached today's limit for Nera. Please try again tomorrow.,Oled Nera päevalimiidi täis kasutanud. Proovi homme uuesti.,,
Estonian,ET,neraErrGeneric,Nera is having trouble right now. Please try again.,Neral on praegu probleeme. Proovi uuesti.,,
Estonian,ET,neraTrialDaysLeft,Free trial · Days left: %s,Tasuta prooviperiood · Päevi jäänud: %s,,
Estonian,ET,neraErrTrialEnded,Your free trial of Nera has ended. Thanks for trying her!,"Sinu tasuta Nera prooviperiood on läbi. Aitäh, et proovisid!",,
Russian,RU,planWithNera,Plan with Nera,Спланировать с Nera,,
Russian,RU,neraWelcome,"Hi, I'm Nera, your Itinera trip planner. Tell me where you'd like to go and for how long, and I'll draft an itinerary for you to review.","Привет, я Nera, твой планировщик поездок в Itinera. Скажи, куда хочешь поехать и на сколько, а я составлю маршрут на проверку.",,
Russian,RU,neraSuggest1,5 days in London,5 дней в Лондоне,,
Russian,RU,neraSuggest2,Weekend in Paris,Выходные в Париже,,
Russian,RU,neraSuggest3,A week in Tokyo,Неделя в Токио,,
Russian,RU,neraChangePrompt,Of course. What would you like to change?,Конечно. Что хочешь изменить?,,
Russian,RU,neraChange1,Make it more relaxed,Сделай спокойнее,,
Russian,RU,neraChange2,Add more food spots,Добавь больше мест для еды,,
Russian,RU,neraChange3,Swap one day,Заменить один день,,
Russian,RU,neraChange4,Cheaper options,Более дешёвые варианты,,
Russian,RU,neraInputHint,Ask Nera anything about your trip,Спроси Nera о чём угодно про свою поездку,,
Russian,RU,neraSend,Send,Отправить,,
Russian,RU,neraApprove,Approve,Утвердить,,
Russian,RU,neraMakeChanges,Make changes,Внести изменения,,
Russian,RU,neraSuperseded,Replaced by a newer draft,Заменено более новым черновиком,,
Russian,RU,neraDaysDraft,%s days · Draft,%s дн. · Черновик,,
Russian,RU,neraDay,Day %s,День %s,,
Russian,RU,neraTripCreated,Nera created your trip,Nera создала твою поездку,,
Russian,RU,neraFree,Free,Бесплатно,,
Russian,RU,neraErrNotSetUp,Nera isn't set up yet.,Nera ещё не настроена.,,
Russian,RU,neraErrSignIn,Please sign in to chat with Nera.,"Войди, чтобы общаться с Nera.",,
Russian,RU,neraErrNetwork,Couldn't reach Nera. Check your connection and try again.,Не удалось связаться с Nera. Проверь соединение и попробуй снова.,,
Russian,RU,neraErrBadReply,Nera sent something I couldn't read. Please try again.,"Nera прислала то, что я не смогла прочитать. Попробуй снова.",,
Russian,RU,neraErrQuota,You've reached today's limit for Nera. Please try again tomorrow.,Ты достиг дневного лимита Nera. Попробуй завтра.,,
Russian,RU,neraErrGeneric,Nera is having trouble right now. Please try again.,У Nera сейчас проблемы. Попробуй снова.,,
Russian,RU,neraTrialDaysLeft,Free trial · Days left: %s,Бесплатный пробный период · Осталось дней: %s,,
Russian,RU,neraErrTrialEnded,Your free trial of Nera has ended. Thanks for trying her!,"Твой бесплатный пробный период с Nera закончился. Спасибо, что попробовал!",,
Tamil,TAM,planWithNera,Plan with Nera,Nera உடன் திட்டமிடுங்கள்,,
Tamil,TAM,neraWelcome,"Hi, I'm Nera, your Itinera trip planner. Tell me where you'd like to go and for how long, and I'll draft an itinerary for you to review.","வணக்கம், நான் Nera, உங்கள் Itinera பயணத் திட்டமிடுபவர். நீங்கள் எங்கே, எத்தனை நாட்கள் செல்ல விரும்புகிறீர்கள் என்று சொல்லுங்கள், நான் பார்வையிட ஒரு பயணத் திட்டத்தை தயாரிக்கிறேன்.",,
Tamil,TAM,neraSuggest1,5 days in London,லண்டனில் 5 நாட்கள்,,
Tamil,TAM,neraSuggest2,Weekend in Paris,பாரிஸில் வார இறுதி,,
Tamil,TAM,neraSuggest3,A week in Tokyo,டோக்கியோவில் ஒரு வாரம்,,
Tamil,TAM,neraChangePrompt,Of course. What would you like to change?,நிச்சயமாக. எதை மாற்ற விரும்புகிறீர்கள்?,,
Tamil,TAM,neraChange1,Make it more relaxed,இன்னும் நிதானமாக மாற்றுங்கள்,,
Tamil,TAM,neraChange2,Add more food spots,மேலும் உணவு இடங்களைச் சேருங்கள்,,
Tamil,TAM,neraChange3,Swap one day,ஒரு நாளை மாற்றுங்கள்,,
Tamil,TAM,neraChange4,Cheaper options,குறைந்த விலை விருப்பங்கள்,,
Tamil,TAM,neraInputHint,Ask Nera anything about your trip,உங்கள் பயணம் பற்றி Nera விடம் எதையும் கேளுங்கள்,,
Tamil,TAM,neraSend,Send,அனுப்பு,,
Tamil,TAM,neraApprove,Approve,ஒப்புக்கொள்,,
Tamil,TAM,neraMakeChanges,Make changes,மாற்றங்கள் செய்,,
Tamil,TAM,neraSuperseded,Replaced by a newer draft,புதிய வரைவால் மாற்றப்பட்டது,,
Tamil,TAM,neraDaysDraft,%s days · Draft,%s நாட்கள் · வரைவு,,
Tamil,TAM,neraDay,Day %s,நாள் %s,,
Tamil,TAM,neraTripCreated,Nera created your trip,Nera உங்கள் பயணத்தை உருவாக்கியது,,
Tamil,TAM,neraFree,Free,இலவசம்,,
Tamil,TAM,neraErrNotSetUp,Nera isn't set up yet.,Nera இன்னும் அமைக்கப்படவில்லை.,,
Tamil,TAM,neraErrSignIn,Please sign in to chat with Nera.,Nera உடன் அரட்டையடிக்க உள்நுழையவும்.,,
Tamil,TAM,neraErrNetwork,Couldn't reach Nera. Check your connection and try again.,Nera ஐ அடைய முடியவில்லை. இணைப்பைச் சரிபார்த்து மீண்டும் முயலவும்.,,
Tamil,TAM,neraErrBadReply,Nera sent something I couldn't read. Please try again.,Nera அனுப்பியதைப் படிக்க முடியவில்லை. மீண்டும் முயலவும்.,,
Tamil,TAM,neraErrQuota,You've reached today's limit for Nera. Please try again tomorrow.,இன்றைய Nera வரம்பை அடைந்துவிட்டீர்கள். நாளை மீண்டும் முயலவும்.,,
Tamil,TAM,neraErrGeneric,Nera is having trouble right now. Please try again.,Nera இல் இப்போது சிக்கல் உள்ளது. மீண்டும் முயலவும்.,,
Tamil,TAM,neraTrialDaysLeft,Free trial · Days left: %s,இலவச சோதனை · மீதமுள்ள நாட்கள்: %s,,
Tamil,TAM,neraErrTrialEnded,Your free trial of Nera has ended. Thanks for trying her!,Nera உடனான உங்கள் இலவச சோதனை முடிந்தது. முயற்சித்ததற்கு நன்றி!,,
Hindi,HI,planWithNera,Plan with Nera,Nera के साथ प्लान करें,,
Hindi,HI,neraWelcome,"Hi, I'm Nera, your Itinera trip planner. Tell me where you'd like to go and for how long, and I'll draft an itinerary for you to review.","नमस्ते, मैं Nera हूँ, आपकी Itinera ट्रिप प्लानर। बताइए आप कहाँ और कितने दिन के लिए जाना चाहते हैं, मैं देखने के लिए एक यात्रा योजना तैयार कर दूँगी।",,
Hindi,HI,neraSuggest1,5 days in London,लंदन में 5 दिन,,
Hindi,HI,neraSuggest2,Weekend in Paris,पेरिस में वीकेंड,,
Hindi,HI,neraSuggest3,A week in Tokyo,टोक्यो में एक हफ़्ता,,
Hindi,HI,neraChangePrompt,Of course. What would you like to change?,ज़रूर। आप क्या बदलना चाहेंगे?,,
Hindi,HI,neraChange1,Make it more relaxed,इसे और आरामदायक बनाएँ,,
Hindi,HI,neraChange2,Add more food spots,खाने की और जगहें जोड़ें,,
Hindi,HI,neraChange3,Swap one day,एक दिन बदलें,,
Hindi,HI,neraChange4,Cheaper options,सस्ते विकल्प,,
Hindi,HI,neraInputHint,Ask Nera anything about your trip,अपनी यात्रा के बारे में Nera से कुछ भी पूछें,,
Hindi,HI,neraSend,Send,भेजें,,
Hindi,HI,neraApprove,Approve,मंज़ूर करें,,
Hindi,HI,neraMakeChanges,Make changes,बदलाव करें,,
Hindi,HI,neraSuperseded,Replaced by a newer draft,नए ड्राफ़्ट से बदल दिया गया,,
Hindi,HI,neraDaysDraft,%s days · Draft,%s दिन · ड्राफ़्ट,,
Hindi,HI,neraDay,Day %s,दिन %s,,
Hindi,HI,neraTripCreated,Nera created your trip,Nera ने आपकी यात्रा बना दी,,
Hindi,HI,neraFree,Free,मुफ़्त,,
Hindi,HI,neraErrNotSetUp,Nera isn't set up yet.,Nera अभी सेट अप नहीं है।,,
Hindi,HI,neraErrSignIn,Please sign in to chat with Nera.,Nera से चैट करने के लिए साइन इन करें।,,
Hindi,HI,neraErrNetwork,Couldn't reach Nera. Check your connection and try again.,Nera तक नहीं पहुँच सके। कनेक्शन जाँचें और फिर कोशिश करें।,,
Hindi,HI,neraErrBadReply,Nera sent something I couldn't read. Please try again.,Nera ने कुछ ऐसा भेजा जिसे मैं पढ़ नहीं सकी। फिर कोशिश करें।,,
Hindi,HI,neraErrQuota,You've reached today's limit for Nera. Please try again tomorrow.,आप आज की Nera सीमा तक पहुँच गए हैं। कल फिर कोशिश करें।,,
Hindi,HI,neraErrGeneric,Nera is having trouble right now. Please try again.,Nera को अभी समस्या आ रही है। फिर कोशिश करें।,,
Hindi,HI,neraTrialDaysLeft,Free trial · Days left: %s,मुफ़्त ट्रायल · बचे हुए दिन: %s,,
Hindi,HI,neraErrTrialEnded,Your free trial of Nera has ended. Thanks for trying her!,Nera का आपका मुफ़्त ट्रायल समाप्त हो गया है। आज़माने के लिए धन्यवाद!,,
Ukrainian,UKR,planWithNera,Plan with Nera,Планувати з Nera,,
Ukrainian,UKR,neraWelcome,"Hi, I'm Nera, your Itinera trip planner. Tell me where you'd like to go and for how long, and I'll draft an itinerary for you to review.","Привіт, я Nera, твоя планувальниця подорожей в Itinera. Скажи, куди хочеш поїхати і на скільки, а я складу маршрут на перевірку.",,
Ukrainian,UKR,neraSuggest1,5 days in London,5 днів у Лондоні,,
Ukrainian,UKR,neraSuggest2,Weekend in Paris,Вихідні в Парижі,,
Ukrainian,UKR,neraSuggest3,A week in Tokyo,Тиждень у Токіо,,
Ukrainian,UKR,neraChangePrompt,Of course. What would you like to change?,Звісно. Що хочеш змінити?,,
Ukrainian,UKR,neraChange1,Make it more relaxed,Зроби спокійніше,,
Ukrainian,UKR,neraChange2,Add more food spots,Додай більше місць для їжі,,
Ukrainian,UKR,neraChange3,Swap one day,Замінити один день,,
Ukrainian,UKR,neraChange4,Cheaper options,Дешевші варіанти,,
Ukrainian,UKR,neraInputHint,Ask Nera anything about your trip,Запитай Nera про будь-що щодо своєї подорожі,,
Ukrainian,UKR,neraSend,Send,Надіслати,,
Ukrainian,UKR,neraApprove,Approve,Затвердити,,
Ukrainian,UKR,neraMakeChanges,Make changes,Внести зміни,,
Ukrainian,UKR,neraSuperseded,Replaced by a newer draft,Замінено новішою чернеткою,,
Ukrainian,UKR,neraDaysDraft,%s days · Draft,%s дн. · Чернетка,,
Ukrainian,UKR,neraDay,Day %s,День %s,,
Ukrainian,UKR,neraTripCreated,Nera created your trip,Nera створила твою подорож,,
Ukrainian,UKR,neraFree,Free,Безкоштовно,,
Ukrainian,UKR,neraErrNotSetUp,Nera isn't set up yet.,Nera ще не налаштована.,,
Ukrainian,UKR,neraErrSignIn,Please sign in to chat with Nera.,"Увійди, щоб спілкуватися з Nera.",,
Ukrainian,UKR,neraErrNetwork,Couldn't reach Nera. Check your connection and try again.,Не вдалося зв'язатися з Nera. Перевір з'єднання й спробуй ще раз.,,
Ukrainian,UKR,neraErrBadReply,Nera sent something I couldn't read. Please try again.,"Nera надіслала те, що я не змогла прочитати. Спробуй ще раз.",,
Ukrainian,UKR,neraErrQuota,You've reached today's limit for Nera. Please try again tomorrow.,Ти досяг денного ліміту Nera. Спробуй завтра.,,
Ukrainian,UKR,neraErrGeneric,Nera is having trouble right now. Please try again.,У Nera зараз проблеми. Спробуй ще раз.,,
Ukrainian,UKR,neraTrialDaysLeft,Free trial · Days left: %s,Безкоштовний пробний період · Залишилось днів: %s,,
Ukrainian,UKR,neraErrTrialEnded,Your free trial of Nera has ended. Thanks for trying her!,"Твій безкоштовний пробний період із Nera завершився. Дякуємо, що спробував!",,
Hungarian,HUN,planWithNera,Plan with Nera,Tervezés Nerával,,
Hungarian,HUN,neraWelcome,"Hi, I'm Nera, your Itinera trip planner. Tell me where you'd like to go and for how long, and I'll draft an itinerary for you to review.","Szia, Nera vagyok, az Itinera utazástervezője. Mondd el, hová szeretnél menni és mennyi időre, én pedig összeállítok egy útitervet átnézésre.",,
Hungarian,HUN,neraSuggest1,5 days in London,5 nap Londonban,,
Hungarian,HUN,neraSuggest2,Weekend in Paris,Hétvége Párizsban,,
Hungarian,HUN,neraSuggest3,A week in Tokyo,Egy hét Tokióban,,
Hungarian,HUN,neraChangePrompt,Of course. What would you like to change?,Természetesen. Mit szeretnél módosítani?,,
Hungarian,HUN,neraChange1,Make it more relaxed,Legyen nyugodtabb,,
Hungarian,HUN,neraChange2,Add more food spots,Több étkezési hely hozzáadása,,
Hungarian,HUN,neraChange3,Swap one day,Egy nap cseréje,,
Hungarian,HUN,neraChange4,Cheaper options,Olcsóbb lehetőségek,,
Hungarian,HUN,neraInputHint,Ask Nera anything about your trip,Kérdezz Nerától bármit az utazásodról,,
Hungarian,HUN,neraSend,Send,Küldés,,
Hungarian,HUN,neraApprove,Approve,Jóváhagyás,,
Hungarian,HUN,neraMakeChanges,Make changes,Módosítás,,
Hungarian,HUN,neraSuperseded,Replaced by a newer draft,Újabb tervezet váltotta fel,,
Hungarian,HUN,neraDaysDraft,%s days · Draft,%s nap · Tervezet,,
Hungarian,HUN,neraDay,Day %s,%s. nap,,
Hungarian,HUN,neraTripCreated,Nera created your trip,Nera létrehozta az utadat,,
Hungarian,HUN,neraFree,Free,Ingyenes,,
Hungarian,HUN,neraErrNotSetUp,Nera isn't set up yet.,Nera még nincs beállítva.,,
Hungarian,HUN,neraErrSignIn,Please sign in to chat with Nera.,"Jelentkezz be, hogy beszélgethess Nerával.",,
Hungarian,HUN,neraErrNetwork,Couldn't reach Nera. Check your connection and try again.,"Nera nem érhető el. Ellenőrizd a kapcsolatot, és próbáld újra.",,
Hungarian,HUN,neraErrBadReply,Nera sent something I couldn't read. Please try again.,"Nera olyat küldött, amit nem tudtam elolvasni. Próbáld újra.",,
Hungarian,HUN,neraErrQuota,You've reached today's limit for Nera. Please try again tomorrow.,Elérted Nera napi korlátját. Próbáld újra holnap.,,
Hungarian,HUN,neraErrGeneric,Nera is having trouble right now. Please try again.,Nerának most problémái vannak. Próbáld újra.,,
Hungarian,HUN,neraTrialDaysLeft,Free trial · Days left: %s,Ingyenes próbaidőszak · Hátralévő napok: %s,,
Hungarian,HUN,neraErrTrialEnded,Your free trial of Nera has ended. Thanks for trying her!,"A Nerával töltött ingyenes próbaidőszakod véget ért. Köszönjük, hogy kipróbáltad!",,
Romanian,RO,planWithNera,Plan with Nera,Planifică cu Nera,,
Romanian,RO,neraWelcome,"Hi, I'm Nera, your Itinera trip planner. Tell me where you'd like to go and for how long, and I'll draft an itinerary for you to review.","Salut, sunt Nera, planificatorul tău de călătorii din Itinera. Spune-mi unde vrei să mergi și pentru cât timp, iar eu îți pregătesc un itinerar de verificat.",,
Romanian,RO,neraSuggest1,5 days in London,5 zile la Londra,,
Romanian,RO,neraSuggest2,Weekend in Paris,Weekend la Paris,,
Romanian,RO,neraSuggest3,A week in Tokyo,O săptămână la Tokyo,,
Romanian,RO,neraChangePrompt,Of course. What would you like to change?,Sigur. Ce vrei să schimbi?,,
Romanian,RO,neraChange1,Make it more relaxed,Mai relaxat,,
Romanian,RO,neraChange2,Add more food spots,Adaugă mai multe locuri de mâncat,,
Romanian,RO,neraChange3,Swap one day,Schimbă o zi,,
Romanian,RO,neraChange4,Cheaper options,Opțiuni mai ieftine,,
Romanian,RO,neraInputHint,Ask Nera anything about your trip,Întreab-o pe Nera orice despre călătoria ta,,
Romanian,RO,neraSend,Send,Trimite,,
Romanian,RO,neraApprove,Approve,Aprobă,,
Romanian,RO,neraMakeChanges,Make changes,Fă modificări,,
Romanian,RO,neraSuperseded,Replaced by a newer draft,Înlocuit cu o ciornă mai nouă,,
Romanian,RO,neraDaysDraft,%s days · Draft,%s zile · Ciornă,,
Romanian,RO,neraDay,Day %s,Ziua %s,,
Romanian,RO,neraTripCreated,Nera created your trip,Nera ți-a creat călătoria,,
Romanian,RO,neraFree,Free,Gratuit,,
Romanian,RO,neraErrNotSetUp,Nera isn't set up yet.,Nera nu este încă configurată.,,
Romanian,RO,neraErrSignIn,Please sign in to chat with Nera.,Autentifică-te pentru a vorbi cu Nera.,,
Romanian,RO,neraErrNetwork,Couldn't reach Nera. Check your connection and try again.,Nu am putut contacta Nera. Verifică conexiunea și încearcă din nou.,,
Romanian,RO,neraErrBadReply,Nera sent something I couldn't read. Please try again.,Nera a trimis ceva ce nu am putut citi. Încearcă din nou.,,
Romanian,RO,neraErrQuota,You've reached today's limit for Nera. Please try again tomorrow.,Ai atins limita zilnică pentru Nera. Încearcă din nou mâine.,,
Romanian,RO,neraErrGeneric,Nera is having trouble right now. Please try again.,Nera are probleme acum. Încearcă din nou.,,
Romanian,RO,neraTrialDaysLeft,Free trial · Days left: %s,Probă gratuită · Zile rămase: %s,,
Romanian,RO,neraErrTrialEnded,Your free trial of Nera has ended. Thanks for trying her!,Perioada ta de probă gratuită cu Nera s-a încheiat. Mulțumim că ai încercat-o!,,
Greek,GR,planWithNera,Plan with Nera,Προγραμμάτισε με τη Nera,,
Greek,GR,neraWelcome,"Hi, I'm Nera, your Itinera trip planner. Tell me where you'd like to go and for how long, and I'll draft an itinerary for you to review.","Γεια, είμαι η Nera, η σχεδιάστρια ταξιδιών του Itinera. Πες μου πού θέλεις να πας και για πόσο, και θα ετοιμάσω ένα δρομολόγιο για να το δεις.",,
Greek,GR,neraSuggest1,5 days in London,5 ημέρες στο Λονδίνο,,
Greek,GR,neraSuggest2,Weekend in Paris,Σαββατοκύριακο στο Παρίσι,,
Greek,GR,neraSuggest3,A week in Tokyo,Μία εβδομάδα στο Τόκιο,,
Greek,GR,neraChangePrompt,Of course. What would you like to change?,Φυσικά. Τι θέλεις να αλλάξεις;,,
Greek,GR,neraChange1,Make it more relaxed,Κάν' το πιο χαλαρό,,
Greek,GR,neraChange2,Add more food spots,Πρόσθεσε περισσότερα μέρη φαγητού,,
Greek,GR,neraChange3,Swap one day,Αλλαγή μίας ημέρας,,
Greek,GR,neraChange4,Cheaper options,Φθηνότερες επιλογές,,
Greek,GR,neraInputHint,Ask Nera anything about your trip,"Ρώτα τη Nera ό,τι θέλεις για το ταξίδι σου",,
Greek,GR,neraSend,Send,Αποστολή,,
Greek,GR,neraApprove,Approve,Έγκριση,,
Greek,GR,neraMakeChanges,Make changes,Κάνε αλλαγές,,
Greek,GR,neraSuperseded,Replaced by a newer draft,Αντικαταστάθηκε από νεότερο προσχέδιο,,
Greek,GR,neraDaysDraft,%s days · Draft,%s ημέρες · Προσχέδιο,,
Greek,GR,neraDay,Day %s,Ημέρα %s,,
Greek,GR,neraTripCreated,Nera created your trip,Η Nera δημιούργησε το ταξίδι σου,,
Greek,GR,neraFree,Free,Δωρεάν,,
Greek,GR,neraErrNotSetUp,Nera isn't set up yet.,Η Nera δεν έχει ρυθμιστεί ακόμα.,,
Greek,GR,neraErrSignIn,Please sign in to chat with Nera.,Συνδέσου για να συνομιλήσεις με τη Nera.,,
Greek,GR,neraErrNetwork,Couldn't reach Nera. Check your connection and try again.,Δεν ήταν δυνατή η επικοινωνία με τη Nera. Έλεγξε τη σύνδεσή σου και δοκίμασε ξανά.,,
Greek,GR,neraErrBadReply,Nera sent something I couldn't read. Please try again.,Η Nera έστειλε κάτι που δεν μπόρεσα να διαβάσω. Δοκίμασε ξανά.,,
Greek,GR,neraErrQuota,You've reached today's limit for Nera. Please try again tomorrow.,Έφτασες το ημερήσιο όριο της Nera. Δοκίμασε ξανά αύριο.,,
Greek,GR,neraErrGeneric,Nera is having trouble right now. Please try again.,Η Nera αντιμετωπίζει πρόβλημα αυτή τη στιγμή. Δοκίμασε ξανά.,,
Greek,GR,neraTrialDaysLeft,Free trial · Days left: %s,Δωρεάν δοκιμή · Ημέρες που απομένουν: %s,,
Greek,GR,neraErrTrialEnded,Your free trial of Nera has ended. Thanks for trying her!,Η δωρεάν δοκιμή σου με τη Nera έληξε. Ευχαριστούμε που τη δοκίμασες!,,
Georgian,KA,planWithNera,Plan with Nera,დაგეგმე Nera-სთან ერთად,,
Georgian,KA,neraWelcome,"Hi, I'm Nera, your Itinera trip planner. Tell me where you'd like to go and for how long, and I'll draft an itinerary for you to review.","გამარჯობა, მე ვარ Nera, შენი Itinera-ს მოგზაურობის დამგეგმავი. მითხარი, სად გინდა წასვლა და რამდენი ხნით, და შესამოწმებლად მარშრუტს მოგიმზადებ.",,
Georgian,KA,neraSuggest1,5 days in London,5 დღე ლონდონში,,
Georgian,KA,neraSuggest2,Weekend in Paris,შაბათ-კვირა პარიზში,,
Georgian,KA,neraSuggest3,A week in Tokyo,ერთი კვირა ტოკიოში,,
Georgian,KA,neraChangePrompt,Of course. What would you like to change?,რა თქმა უნდა. რის შეცვლა გინდა?,,
Georgian,KA,neraChange1,Make it more relaxed,გახადე უფრო მშვიდი,,
Georgian,KA,neraChange2,Add more food spots,დაამატე მეტი კვების ადგილი,,
Georgian,KA,neraChange3,Swap one day,შეცვალე ერთი დღე,,
Georgian,KA,neraChange4,Cheaper options,უფრო იაფი ვარიანტები,,
Georgian,KA,neraInputHint,Ask Nera anything about your trip,ჰკითხე Nera-ს ნებისმიერი რამ შენი მოგზაურობის შესახებ,,
Georgian,KA,neraSend,Send,გაგზავნა,,
Georgian,KA,neraApprove,Approve,დამტკიცება,,
Georgian,KA,neraMakeChanges,Make changes,ცვლილებების შეტანა,,
Georgian,KA,neraSuperseded,Replaced by a newer draft,შეიცვალა უფრო ახალი მონახაზით,,
Georgian,KA,neraDaysDraft,%s days · Draft,%s დღე · მონახაზი,,
Georgian,KA,neraDay,Day %s,დღე %s,,
Georgian,KA,neraTripCreated,Nera created your trip,Nera-მ შექმნა შენი მოგზაურობა,,
Georgian,KA,neraFree,Free,უფასო,,
Georgian,KA,neraErrNotSetUp,Nera isn't set up yet.,Nera ჯერ არ არის დაყენებული.,,
Georgian,KA,neraErrSignIn,Please sign in to chat with Nera.,Nera-სთან სასაუბროდ შედი სისტემაში.,,
Georgian,KA,neraErrNetwork,Couldn't reach Nera. Check your connection and try again.,Nera-სთან დაკავშირება ვერ მოხერხდა. შეამოწმე კავშირი და სცადე თავიდან.,,
Georgian,KA,neraErrBadReply,Nera sent something I couldn't read. Please try again.,"Nera-მ გამოგზავნა რაღაც, რაც ვერ წავიკითხე. სცადე თავიდან.",,
Georgian,KA,neraErrQuota,You've reached today's limit for Nera. Please try again tomorrow.,Nera-ს დღიურ ლიმიტს მიაღწიე. სცადე ხვალ.,,
Georgian,KA,neraErrGeneric,Nera is having trouble right now. Please try again.,Nera-ს ახლა პრობლემა აქვს. სცადე თავიდან.,,
Georgian,KA,neraTrialDaysLeft,Free trial · Days left: %s,უფასო საცდელი პერიოდი · დარჩენილი დღეები: %s,,
Georgian,KA,neraErrTrialEnded,Your free trial of Nera has ended. Thanks for trying her!,"Nera-სთან უფასო საცდელი პერიოდი დასრულდა. მადლობა, რომ სცადე!",,
Bulgarian,BG,planWithNera,Plan with Nera,Планирай с Nera,,
Bulgarian,BG,neraWelcome,"Hi, I'm Nera, your Itinera trip planner. Tell me where you'd like to go and for how long, and I'll draft an itinerary for you to review.","Здравей, аз съм Nera, твоят планер на пътувания в Itinera. Кажи ми къде искаш да отидеш и за колко време, а аз ще подготвя маршрут за преглед.",,
Bulgarian,BG,neraSuggest1,5 days in London,5 дни в Лондон,,
Bulgarian,BG,neraSuggest2,Weekend in Paris,Уикенд в Париж,,
Bulgarian,BG,neraSuggest3,A week in Tokyo,Седмица в Токио,,
Bulgarian,BG,neraChangePrompt,Of course. What would you like to change?,Разбира се. Какво искаш да промениш?,,
Bulgarian,BG,neraChange1,Make it more relaxed,Направи го по-спокойно,,
Bulgarian,BG,neraChange2,Add more food spots,Добави още места за хранене,,
Bulgarian,BG,neraChange3,Swap one day,Смени един ден,,
Bulgarian,BG,neraChange4,Cheaper options,По-евтини варианти,,
Bulgarian,BG,neraInputHint,Ask Nera anything about your trip,Питай Nera каквото и да е за пътуването си,,
Bulgarian,BG,neraSend,Send,Изпрати,,
Bulgarian,BG,neraApprove,Approve,Одобри,,
Bulgarian,BG,neraMakeChanges,Make changes,Направи промени,,
Bulgarian,BG,neraSuperseded,Replaced by a newer draft,Заменено с по-нова чернова,,
Bulgarian,BG,neraDaysDraft,%s days · Draft,%s дни · Чернова,,
Bulgarian,BG,neraDay,Day %s,Ден %s,,
Bulgarian,BG,neraTripCreated,Nera created your trip,Nera създаде твоето пътуване,,
Bulgarian,BG,neraFree,Free,Безплатно,,
Bulgarian,BG,neraErrNotSetUp,Nera isn't set up yet.,Nera още не е настроена.,,
Bulgarian,BG,neraErrSignIn,Please sign in to chat with Nera.,"Влез, за да разговаряш с Nera.",,
Bulgarian,BG,neraErrNetwork,Couldn't reach Nera. Check your connection and try again.,Не може да се свърже с Nera. Провери връзката и опитай отново.,,
Bulgarian,BG,neraErrBadReply,Nera sent something I couldn't read. Please try again.,"Nera изпрати нещо, което не можах да прочета. Опитай отново.",,
Bulgarian,BG,neraErrQuota,You've reached today's limit for Nera. Please try again tomorrow.,Достигна дневния лимит на Nera. Опитай отново утре.,,
Bulgarian,BG,neraErrGeneric,Nera is having trouble right now. Please try again.,Nera има проблем в момента. Опитай отново.,,
Bulgarian,BG,neraTrialDaysLeft,Free trial · Days left: %s,Безплатен пробен период · Оставащи дни: %s,,
Bulgarian,BG,neraErrTrialEnded,Your free trial of Nera has ended. Thanks for trying her!,"Безплатният ти пробен период с Nera приключи. Благодарим, че я опита!",,
Slovak,SK,planWithNera,Plan with Nera,Plánovať s Nerou,,
Slovak,SK,neraWelcome,"Hi, I'm Nera, your Itinera trip planner. Tell me where you'd like to go and for how long, and I'll draft an itinerary for you to review.","Ahoj, som Nera, tvoja plánovačka ciest v Itinere. Povedz mi, kam chceš ísť a na ako dlho, a pripravím ti itinerár na kontrolu.",,
Slovak,SK,neraSuggest1,5 days in London,5 dní v Londýne,,
Slovak,SK,neraSuggest2,Weekend in Paris,Víkend v Paríži,,
Slovak,SK,neraSuggest3,A week in Tokyo,Týždeň v Tokiu,,
Slovak,SK,neraChangePrompt,Of course. What would you like to change?,Jasné. Čo chceš zmeniť?,,
Slovak,SK,neraChange1,Make it more relaxed,Urob to pokojnejšie,,
Slovak,SK,neraChange2,Add more food spots,Pridaj viac miest na jedlo,,
Slovak,SK,neraChange3,Swap one day,Vymeniť jeden deň,,
Slovak,SK,neraChange4,Cheaper options,Lacnejšie možnosti,,
Slovak,SK,neraInputHint,Ask Nera anything about your trip,Opýtaj sa Nery na čokoľvek o svojej ceste,,
Slovak,SK,neraSend,Send,Odoslať,,
Slovak,SK,neraApprove,Approve,Schváliť,,
Slovak,SK,neraMakeChanges,Make changes,Vykonať zmeny,,
Slovak,SK,neraSuperseded,Replaced by a newer draft,Nahradené novším konceptom,,
Slovak,SK,neraDaysDraft,%s days · Draft,%s dní · Koncept,,
Slovak,SK,neraDay,Day %s,Deň %s,,
Slovak,SK,neraTripCreated,Nera created your trip,Nera vytvorila tvoju cestu,,
Slovak,SK,neraFree,Free,Zadarmo,,
Slovak,SK,neraErrNotSetUp,Nera isn't set up yet.,Nera ešte nie je nastavená.,,
Slovak,SK,neraErrSignIn,Please sign in to chat with Nera.,"Prihlás sa, aby si mohol chatovať s Nerou.",,
Slovak,SK,neraErrNetwork,Couldn't reach Nera. Check your connection and try again.,Nera nie je dostupná. Skontroluj pripojenie a skús to znova.,,
Slovak,SK,neraErrBadReply,Nera sent something I couldn't read. Please try again.,"Nera poslala niečo, čo som nedokázala prečítať. Skús to znova.",,
Slovak,SK,neraErrQuota,You've reached today's limit for Nera. Please try again tomorrow.,Dosiahol si denný limit pre Neru. Skús to zajtra.,,
Slovak,SK,neraErrGeneric,Nera is having trouble right now. Please try again.,Nera má momentálne problémy. Skús to znova.,,
Slovak,SK,neraTrialDaysLeft,Free trial · Days left: %s,Bezplatná skúšobná doba · Zostáva dní: %s,,
Slovak,SK,neraErrTrialEnded,Your free trial of Nera has ended. Thanks for trying her!,"Tvoja bezplatná skúšobná doba s Nerou skončila. Ďakujeme, že si ju vyskúšal!",,
Czech,CZ,planWithNera,Plan with Nera,Plánovat s Nerou,,
Czech,CZ,neraWelcome,"Hi, I'm Nera, your Itinera trip planner. Tell me where you'd like to go and for how long, and I'll draft an itinerary for you to review.","Ahoj, jsem Nera, tvoje plánovačka cest v Itinera. Řekni mi, kam chceš jet a na jak dlouho, a připravím ti itinerář ke kontrole.",,
Czech,CZ,neraSuggest1,5 days in London,5 dní v Londýně,,
Czech,CZ,neraSuggest2,Weekend in Paris,Víkend v Paříži,,
Czech,CZ,neraSuggest3,A week in Tokyo,Týden v Tokiu,,
Czech,CZ,neraChangePrompt,Of course. What would you like to change?,Jistě. Co chceš změnit?,,
Czech,CZ,neraChange1,Make it more relaxed,Udělej to klidnější,,
Czech,CZ,neraChange2,Add more food spots,Přidej více míst k jídlu,,
Czech,CZ,neraChange3,Swap one day,Vyměnit jeden den,,
Czech,CZ,neraChange4,Cheaper options,Levnější možnosti,,
Czech,CZ,neraInputHint,Ask Nera anything about your trip,Zeptej se Nery na cokoli o své cestě,,
Czech,CZ,neraSend,Send,Odeslat,,
Czech,CZ,neraApprove,Approve,Schválit,,
Czech,CZ,neraMakeChanges,Make changes,Provést změny,,
Czech,CZ,neraSuperseded,Replaced by a newer draft,Nahrazeno novějším konceptem,,
Czech,CZ,neraDaysDraft,%s days · Draft,%s dní · Koncept,,
Czech,CZ,neraDay,Day %s,Den %s,,
Czech,CZ,neraTripCreated,Nera created your trip,Nera vytvořila tvou cestu,,
Czech,CZ,neraFree,Free,Zdarma,,
Czech,CZ,neraErrNotSetUp,Nera isn't set up yet.,Nera ještě není nastavena.,,
Czech,CZ,neraErrSignIn,Please sign in to chat with Nera.,"Přihlas se, abys mohl chatovat s Nerou.",,
Czech,CZ,neraErrNetwork,Couldn't reach Nera. Check your connection and try again.,Nera není dostupná. Zkontroluj připojení a zkus to znovu.,,
Czech,CZ,neraErrBadReply,Nera sent something I couldn't read. Please try again.,"Nera poslala něco, co jsem nedokázala přečíst. Zkus to znovu.",,
Czech,CZ,neraErrQuota,You've reached today's limit for Nera. Please try again tomorrow.,Dosáhl jsi denního limitu pro Neru. Zkus to zítra.,,
Czech,CZ,neraErrGeneric,Nera is having trouble right now. Please try again.,Nera má právě potíže. Zkus to znovu.,,
Czech,CZ,neraTrialDaysLeft,Free trial · Days left: %s,Bezplatná zkušební doba · Zbývá dní: %s,,
Czech,CZ,neraErrTrialEnded,Your free trial of Nera has ended. Thanks for trying her!,"Tvoje bezplatná zkušební doba s Nerou skončila. Děkujeme, že jsi ji vyzkoušel!",,
Latvian,LV,planWithNera,Plan with Nera,Plānot ar Neru,,
Latvian,LV,neraWelcome,"Hi, I'm Nera, your Itinera trip planner. Tell me where you'd like to go and for how long, and I'll draft an itinerary for you to review.","Sveiki, es esmu Nera, tavs Itinera ceļojumu plānotājs. Pastāsti, uz kurieni vēlies doties un cik ilgi, un es sagatavošu maršrutu pārskatīšanai.",,
Latvian,LV,neraSuggest1,5 days in London,5 dienas Londonā,,
Latvian,LV,neraSuggest2,Weekend in Paris,Nedēļas nogale Parīzē,,
Latvian,LV,neraSuggest3,A week in Tokyo,Nedēļa Tokijā,,
Latvian,LV,neraChangePrompt,Of course. What would you like to change?,Protams. Ko vēlies mainīt?,,
Latvian,LV,neraChange1,Make it more relaxed,Padari mierīgāku,,
Latvian,LV,neraChange2,Add more food spots,Pievieno vairāk ēšanas vietu,,
Latvian,LV,neraChange3,Swap one day,Nomainīt vienu dienu,,
Latvian,LV,neraChange4,Cheaper options,Lētāki varianti,,
Latvian,LV,neraInputHint,Ask Nera anything about your trip,Jautā Nerai jebko par savu ceļojumu,,
Latvian,LV,neraSend,Send,Sūtīt,,
Latvian,LV,neraApprove,Approve,Apstiprināt,,
Latvian,LV,neraMakeChanges,Make changes,Veikt izmaiņas,,
Latvian,LV,neraSuperseded,Replaced by a newer draft,Aizstāts ar jaunāku melnrakstu,,
Latvian,LV,neraDaysDraft,%s days · Draft,%s dienas · Melnraksts,,
Latvian,LV,neraDay,Day %s,%s. diena,,
Latvian,LV,neraTripCreated,Nera created your trip,Nera izveidoja tavu ceļojumu,,
Latvian,LV,neraFree,Free,Bezmaksas,,
Latvian,LV,neraErrNotSetUp,Nera isn't set up yet.,Nera vēl nav iestatīta.,,
Latvian,LV,neraErrSignIn,Please sign in to chat with Nera.,"Pieraksties, lai sarunātos ar Neru.",,
Latvian,LV,neraErrNetwork,Couldn't reach Nera. Check your connection and try again.,Neru nevar sasniegt. Pārbaudi savienojumu un mēģini vēlreiz.,,
Latvian,LV,neraErrBadReply,Nera sent something I couldn't read. Please try again.,"Nera nosūtīja kaut ko, ko nespēju nolasīt. Mēģini vēlreiz.",,
Latvian,LV,neraErrQuota,You've reached today's limit for Nera. Please try again tomorrow.,Sasniegts Neras dienas limits. Mēģini vēlreiz rīt.,,
Latvian,LV,neraErrGeneric,Nera is having trouble right now. Please try again.,Nerai pašlaik ir problēmas. Mēģini vēlreiz.,,
Latvian,LV,neraTrialDaysLeft,Free trial · Days left: %s,Bezmaksas izmēģinājums · Atlikušās dienas: %s,,
Latvian,LV,neraErrTrialEnded,Your free trial of Nera has ended. Thanks for trying her!,"Tavs bezmaksas izmēģinājums ar Neru ir beidzies. Paldies, ka izmēģināji!",,
Lithuanian,LT,planWithNera,Plan with Nera,Planuoti su Nera,,
Lithuanian,LT,neraWelcome,"Hi, I'm Nera, your Itinera trip planner. Tell me where you'd like to go and for how long, and I'll draft an itinerary for you to review.","Labas, aš esu Nera, tavo Itinera kelionių planuotoja. Pasakyk, kur nori vykti ir kiek laiko, o aš paruošiu maršrutą peržiūrai.",,
Lithuanian,LT,neraSuggest1,5 days in London,5 dienos Londone,,
Lithuanian,LT,neraSuggest2,Weekend in Paris,Savaitgalis Paryžiuje,,
Lithuanian,LT,neraSuggest3,A week in Tokyo,Savaitė Tokijuje,,
Lithuanian,LT,neraChangePrompt,Of course. What would you like to change?,Žinoma. Ką nori pakeisti?,,
Lithuanian,LT,neraChange1,Make it more relaxed,Padaryk ramesnį,,
Lithuanian,LT,neraChange2,Add more food spots,Pridėk daugiau valgymo vietų,,
Lithuanian,LT,neraChange3,Swap one day,Pakeisti vieną dieną,,
Lithuanian,LT,neraChange4,Cheaper options,Pigesni variantai,,
Lithuanian,LT,neraInputHint,Ask Nera anything about your trip,Klausk Neros bet ko apie savo kelionę,,
Lithuanian,LT,neraSend,Send,Siųsti,,
Lithuanian,LT,neraApprove,Approve,Patvirtinti,,
Lithuanian,LT,neraMakeChanges,Make changes,Atlikti pakeitimus,,
Lithuanian,LT,neraSuperseded,Replaced by a newer draft,Pakeista naujesniu juodraščiu,,
Lithuanian,LT,neraDaysDraft,%s days · Draft,%s d. · Juodraštis,,
Lithuanian,LT,neraDay,Day %s,%s diena,,
Lithuanian,LT,neraTripCreated,Nera created your trip,Nera sukūrė tavo kelionę,,
Lithuanian,LT,neraFree,Free,Nemokamai,,
Lithuanian,LT,neraErrNotSetUp,Nera isn't set up yet.,Nera dar nenustatyta.,,
Lithuanian,LT,neraErrSignIn,Please sign in to chat with Nera.,"Prisijunk, kad galėtum kalbėtis su Nera.",,
Lithuanian,LT,neraErrNetwork,Couldn't reach Nera. Check your connection and try again.,Nepavyko susisiekti su Nera. Patikrink ryšį ir bandyk dar kartą.,,
Lithuanian,LT,neraErrBadReply,Nera sent something I couldn't read. Please try again.,"Nera atsiuntė kažką, ko negalėjau perskaityti. Bandyk dar kartą.",,
Lithuanian,LT,neraErrQuota,You've reached today's limit for Nera. Please try again tomorrow.,Pasiekei Neros dienos limitą. Bandyk rytoj.,,
Lithuanian,LT,neraErrGeneric,Nera is having trouble right now. Please try again.,Nerai dabar kilo problemų. Bandyk dar kartą.,,
Lithuanian,LT,neraTrialDaysLeft,Free trial · Days left: %s,Nemokamas bandomasis laikotarpis · Liko dienų: %s,,
Lithuanian,LT,neraErrTrialEnded,Your free trial of Nera has ended. Thanks for trying her!,"Tavo nemokamas bandomasis laikotarpis su Nera baigėsi. Ačiū, kad išbandei!",,
Arabic,AR,planWithNera,Plan with Nera,خطّط مع Nera,,
Arabic,AR,neraWelcome,"Hi, I'm Nera, your Itinera trip planner. Tell me where you'd like to go and for how long, and I'll draft an itinerary for you to review.",مرحبًا، أنا Nera، مخططة رحلاتك في Itinera. أخبرني إلى أين تريد الذهاب ولكم من الوقت، وسأعدّ لك مسار رحلة لتراجعه.,,
Arabic,AR,neraSuggest1,5 days in London,5 أيام في لندن,,
Arabic,AR,neraSuggest2,Weekend in Paris,عطلة نهاية أسبوع في باريس,,
Arabic,AR,neraSuggest3,A week in Tokyo,أسبوع في طوكيو,,
Arabic,AR,neraChangePrompt,Of course. What would you like to change?,بالتأكيد. ماذا تريد أن تغيّر؟,,
Arabic,AR,neraChange1,Make it more relaxed,اجعلها أكثر استرخاءً,,
Arabic,AR,neraChange2,Add more food spots,أضف المزيد من أماكن الطعام,,
Arabic,AR,neraChange3,Swap one day,استبدال يوم واحد,,
Arabic,AR,neraChange4,Cheaper options,خيارات أرخص,,
Arabic,AR,neraInputHint,Ask Nera anything about your trip,اسأل Nera عن أي شيء يخص رحلتك,,
Arabic,AR,neraSend,Send,إرسال,,
Arabic,AR,neraApprove,Approve,موافقة,,
Arabic,AR,neraMakeChanges,Make changes,إجراء تعديلات,,
Arabic,AR,neraSuperseded,Replaced by a newer draft,تم استبدالها بمسودة أحدث,,
Arabic,AR,neraDaysDraft,%s days · Draft,%s أيام · مسودة,,
Arabic,AR,neraDay,Day %s,اليوم %s,,
Arabic,AR,neraTripCreated,Nera created your trip,أنشأت Nera رحلتك,,
Arabic,AR,neraFree,Free,مجاني,,
Arabic,AR,neraErrNotSetUp,Nera isn't set up yet.,لم يتم إعداد Nera بعد.,,
Arabic,AR,neraErrSignIn,Please sign in to chat with Nera.,سجّل الدخول للدردشة مع Nera.,,
Arabic,AR,neraErrNetwork,Couldn't reach Nera. Check your connection and try again.,تعذّر الوصول إلى Nera. تحقق من اتصالك وحاول مرة أخرى.,,
Arabic,AR,neraErrBadReply,Nera sent something I couldn't read. Please try again.,أرسلت Nera شيئًا لم أستطع قراءته. حاول مرة أخرى.,,
Arabic,AR,neraErrQuota,You've reached today's limit for Nera. Please try again tomorrow.,وصلت إلى الحد اليومي لـ Nera. حاول مرة أخرى غدًا.,,
Arabic,AR,neraErrGeneric,Nera is having trouble right now. Please try again.,تواجه Nera مشكلة حاليًا. حاول مرة أخرى.,,
Arabic,AR,neraTrialDaysLeft,Free trial · Days left: %s,تجربة مجانية · الأيام المتبقية: %s,,
Arabic,AR,neraErrTrialEnded,Your free trial of Nera has ended. Thanks for trying her!,انتهت تجربتك المجانية مع Nera. شكرًا لتجربتها!,,
Turkish,TR,planWithNera,Plan with Nera,Nera ile planla,,
Turkish,TR,neraWelcome,"Hi, I'm Nera, your Itinera trip planner. Tell me where you'd like to go and for how long, and I'll draft an itinerary for you to review.","Merhaba, ben Nera, Itinera seyahat planlayıcın. Nereye ve ne kadar süreliğine gitmek istediğini söyle, incelemen için bir gezi planı hazırlayayım.",,
Turkish,TR,neraSuggest1,5 days in London,Londra'da 5 gün,,
Turkish,TR,neraSuggest2,Weekend in Paris,Paris'te hafta sonu,,
Turkish,TR,neraSuggest3,A week in Tokyo,Tokyo'da bir hafta,,
Turkish,TR,neraChangePrompt,Of course. What would you like to change?,Elbette. Neyi değiştirmek istersin?,,
Turkish,TR,neraChange1,Make it more relaxed,Daha rahat yap,,
Turkish,TR,neraChange2,Add more food spots,Daha fazla yemek mekanı ekle,,
Turkish,TR,neraChange3,Swap one day,Bir günü değiştir,,
Turkish,TR,neraChange4,Cheaper options,Daha ucuz seçenekler,,
Turkish,TR,neraInputHint,Ask Nera anything about your trip,Nera'ya seyahatin hakkında her şeyi sor,,
Turkish,TR,neraSend,Send,Gönder,,
Turkish,TR,neraApprove,Approve,Onayla,,
Turkish,TR,neraMakeChanges,Make changes,Değişiklik yap,,
Turkish,TR,neraSuperseded,Replaced by a newer draft,Daha yeni bir taslakla değiştirildi,,
Turkish,TR,neraDaysDraft,%s days · Draft,%s gün · Taslak,,
Turkish,TR,neraDay,Day %s,%s. gün,,
Turkish,TR,neraTripCreated,Nera created your trip,Nera seyahatini oluşturdu,,
Turkish,TR,neraFree,Free,Ücretsiz,,
Turkish,TR,neraErrNotSetUp,Nera isn't set up yet.,Nera henüz kurulmadı.,,
Turkish,TR,neraErrSignIn,Please sign in to chat with Nera.,Nera ile sohbet etmek için giriş yap.,,
Turkish,TR,neraErrNetwork,Couldn't reach Nera. Check your connection and try again.,Nera'ya ulaşılamadı. Bağlantını kontrol et ve tekrar dene.,,
Turkish,TR,neraErrBadReply,Nera sent something I couldn't read. Please try again.,Nera okuyamadığım bir şey gönderdi. Tekrar dene.,,
Turkish,TR,neraErrQuota,You've reached today's limit for Nera. Please try again tomorrow.,Nera'nın günlük sınırına ulaştın. Yarın tekrar dene.,,
Turkish,TR,neraErrGeneric,Nera is having trouble right now. Please try again.,Nera şu anda sorun yaşıyor. Tekrar dene.,,
Turkish,TR,neraTrialDaysLeft,Free trial · Days left: %s,Ücretsiz deneme · Kalan gün: %s,,
Turkish,TR,neraErrTrialEnded,Your free trial of Nera has ended. Thanks for trying her!,Nera ile ücretsiz deneme süren sona erdi. Denediğin için teşekkürler!,,
Vietnamese,VI,planWithNera,Plan with Nera,Lên kế hoạch với Nera,,
Vietnamese,VI,neraWelcome,"Hi, I'm Nera, your Itinera trip planner. Tell me where you'd like to go and for how long, and I'll draft an itinerary for you to review.","Xin chào, mình là Nera, trợ lý lên kế hoạch du lịch của bạn trong Itinera. Hãy cho mình biết bạn muốn đi đâu và trong bao lâu, mình sẽ soạn lịch trình để bạn xem.",,
Vietnamese,VI,neraSuggest1,5 days in London,5 ngày ở London,,
Vietnamese,VI,neraSuggest2,Weekend in Paris,Cuối tuần ở Paris,,
Vietnamese,VI,neraSuggest3,A week in Tokyo,Một tuần ở Tokyo,,
Vietnamese,VI,neraChangePrompt,Of course. What would you like to change?,Được thôi. Bạn muốn thay đổi điều gì?,,
Vietnamese,VI,neraChange1,Make it more relaxed,Thư thả hơn,,
Vietnamese,VI,neraChange2,Add more food spots,Thêm nhiều quán ăn,,
Vietnamese,VI,neraChange3,Swap one day,Đổi một ngày,,
Vietnamese,VI,neraChange4,Cheaper options,Lựa chọn rẻ hơn,,
Vietnamese,VI,neraInputHint,Ask Nera anything about your trip,Hỏi Nera bất cứ điều gì về chuyến đi của bạn,,
Vietnamese,VI,neraSend,Send,Gửi,,
Vietnamese,VI,neraApprove,Approve,Chấp nhận,,
Vietnamese,VI,neraMakeChanges,Make changes,Thay đổi,,
Vietnamese,VI,neraSuperseded,Replaced by a newer draft,Đã được thay bằng bản nháp mới hơn,,
Vietnamese,VI,neraDaysDraft,%s days · Draft,%s ngày · Bản nháp,,
Vietnamese,VI,neraDay,Day %s,Ngày %s,,
Vietnamese,VI,neraTripCreated,Nera created your trip,Nera đã tạo chuyến đi của bạn,,
Vietnamese,VI,neraFree,Free,Miễn phí,,
Vietnamese,VI,neraErrNotSetUp,Nera isn't set up yet.,Nera chưa được thiết lập.,,
Vietnamese,VI,neraErrSignIn,Please sign in to chat with Nera.,Vui lòng đăng nhập để trò chuyện với Nera.,,
Vietnamese,VI,neraErrNetwork,Couldn't reach Nera. Check your connection and try again.,Không thể kết nối với Nera. Kiểm tra kết nối và thử lại.,,
Vietnamese,VI,neraErrBadReply,Nera sent something I couldn't read. Please try again.,Nera gửi thứ mình không đọc được. Vui lòng thử lại.,,
Vietnamese,VI,neraErrQuota,You've reached today's limit for Nera. Please try again tomorrow.,Bạn đã đạt giới hạn hằng ngày của Nera. Vui lòng thử lại vào ngày mai.,,
Vietnamese,VI,neraErrGeneric,Nera is having trouble right now. Please try again.,Nera đang gặp sự cố. Vui lòng thử lại.,,
Vietnamese,VI,neraTrialDaysLeft,Free trial · Days left: %s,Dùng thử miễn phí · Số ngày còn lại: %s,,
Vietnamese,VI,neraErrTrialEnded,Your free trial of Nera has ended. Thanks for trying her!,Bản dùng thử miễn phí Nera của bạn đã kết thúc. Cảm ơn bạn đã thử!,,
Indonesian,ID,planWithNera,Plan with Nera,Rencanakan dengan Nera,,
Indonesian,ID,neraWelcome,"Hi, I'm Nera, your Itinera trip planner. Tell me where you'd like to go and for how long, and I'll draft an itinerary for you to review.","Halo, saya Nera, perencana perjalanan Itinera-mu. Beri tahu saya ke mana kamu ingin pergi dan berapa lama, lalu saya akan menyusun rencana perjalanan untuk kamu tinjau.",,
Indonesian,ID,neraSuggest1,5 days in London,5 hari di London,,
Indonesian,ID,neraSuggest2,Weekend in Paris,Akhir pekan di Paris,,
Indonesian,ID,neraSuggest3,A week in Tokyo,Seminggu di Tokyo,,
Indonesian,ID,neraChangePrompt,Of course. What would you like to change?,Tentu. Apa yang ingin kamu ubah?,,
Indonesian,ID,neraChange1,Make it more relaxed,Buat lebih santai,,
Indonesian,ID,neraChange2,Add more food spots,Tambah lebih banyak tempat makan,,
Indonesian,ID,neraChange3,Swap one day,Tukar satu hari,,
Indonesian,ID,neraChange4,Cheaper options,Pilihan lebih murah,,
Indonesian,ID,neraInputHint,Ask Nera anything about your trip,Tanyakan apa saja pada Nera tentang perjalananmu,,
Indonesian,ID,neraSend,Send,Kirim,,
Indonesian,ID,neraApprove,Approve,Setujui,,
Indonesian,ID,neraMakeChanges,Make changes,Ubah,,
Indonesian,ID,neraSuperseded,Replaced by a newer draft,Digantikan oleh draf yang lebih baru,,
Indonesian,ID,neraDaysDraft,%s days · Draft,%s hari · Draf,,
Indonesian,ID,neraDay,Day %s,Hari %s,,
Indonesian,ID,neraTripCreated,Nera created your trip,Nera telah membuat perjalananmu,,
Indonesian,ID,neraFree,Free,Gratis,,
Indonesian,ID,neraErrNotSetUp,Nera isn't set up yet.,Nera belum disiapkan.,,
Indonesian,ID,neraErrSignIn,Please sign in to chat with Nera.,Masuk untuk mengobrol dengan Nera.,,
Indonesian,ID,neraErrNetwork,Couldn't reach Nera. Check your connection and try again.,Tidak dapat menghubungi Nera. Periksa koneksimu dan coba lagi.,,
Indonesian,ID,neraErrBadReply,Nera sent something I couldn't read. Please try again.,Nera mengirim sesuatu yang tidak bisa saya baca. Coba lagi.,,
Indonesian,ID,neraErrQuota,You've reached today's limit for Nera. Please try again tomorrow.,Kamu sudah mencapai batas harian Nera. Coba lagi besok.,,
Indonesian,ID,neraErrGeneric,Nera is having trouble right now. Please try again.,Nera sedang bermasalah. Coba lagi.,,
Indonesian,ID,neraTrialDaysLeft,Free trial · Days left: %s,Uji coba gratis · Sisa hari: %s,,
Indonesian,ID,neraErrTrialEnded,Your free trial of Nera has ended. Thanks for trying her!,Uji coba gratis Nera-mu telah berakhir. Terima kasih sudah mencoba!,,
Thai,TH,planWithNera,Plan with Nera,วางแผนกับ Nera,,
Thai,TH,neraWelcome,"Hi, I'm Nera, your Itinera trip planner. Tell me where you'd like to go and for how long, and I'll draft an itinerary for you to review.",สวัสดี ฉันคือ Nera ผู้ช่วยวางแผนการเดินทางของคุณใน Itinera บอกฉันได้เลยว่าอยากไปที่ไหนและนานแค่ไหน แล้วฉันจะร่างแผนการเดินทางให้คุณตรวจดู,,
Thai,TH,neraSuggest1,5 days in London,ลอนดอน 5 วัน,,
Thai,TH,neraSuggest2,Weekend in Paris,สุดสัปดาห์ที่ปารีส,,
Thai,TH,neraSuggest3,A week in Tokyo,โตเกียว 1 สัปดาห์,,
Thai,TH,neraChangePrompt,Of course. What would you like to change?,ได้เลย อยากเปลี่ยนอะไรคะ,,
Thai,TH,neraChange1,Make it more relaxed,ทำให้ผ่อนคลายขึ้น,,
Thai,TH,neraChange2,Add more food spots,เพิ่มร้านอาหารอีก,,
Thai,TH,neraChange3,Swap one day,สลับหนึ่งวัน,,
Thai,TH,neraChange4,Cheaper options,ตัวเลือกที่ถูกกว่า,,
Thai,TH,neraInputHint,Ask Nera anything about your trip,ถาม Nera เกี่ยวกับการเดินทางของคุณได้ทุกเรื่อง,,
Thai,TH,neraSend,Send,ส่ง,,
Thai,TH,neraApprove,Approve,อนุมัติ,,
Thai,TH,neraMakeChanges,Make changes,แก้ไข,,
Thai,TH,neraSuperseded,Replaced by a newer draft,ถูกแทนที่ด้วยฉบับร่างใหม่กว่า,,
Thai,TH,neraDaysDraft,%s days · Draft,%s วัน · ฉบับร่าง,,
Thai,TH,neraDay,Day %s,วันที่ %s,,
Thai,TH,neraTripCreated,Nera created your trip,Nera สร้างทริปของคุณแล้ว,,
Thai,TH,neraFree,Free,ฟรี,,
Thai,TH,neraErrNotSetUp,Nera isn't set up yet.,ยังไม่ได้ตั้งค่า Nera,,
Thai,TH,neraErrSignIn,Please sign in to chat with Nera.,โปรดลงชื่อเข้าใช้เพื่อคุยกับ Nera,,
Thai,TH,neraErrNetwork,Couldn't reach Nera. Check your connection and try again.,ติดต่อ Nera ไม่ได้ ตรวจสอบการเชื่อมต่อแล้วลองอีกครั้ง,,
Thai,TH,neraErrBadReply,Nera sent something I couldn't read. Please try again.,Nera ส่งข้อมูลที่ฉันอ่านไม่ได้ โปรดลองอีกครั้ง,,
Thai,TH,neraErrQuota,You've reached today's limit for Nera. Please try again tomorrow.,คุณใช้ Nera ครบขีดจำกัดของวันนี้แล้ว โปรดลองใหม่พรุ่งนี้,,
Thai,TH,neraErrGeneric,Nera is having trouble right now. Please try again.,ตอนนี้ Nera มีปัญหา โปรดลองอีกครั้ง,,
Thai,TH,neraTrialDaysLeft,Free trial · Days left: %s,ทดลองใช้ฟรี · จำนวนวันที่เหลือ: %s,,
Thai,TH,neraErrTrialEnded,Your free trial of Nera has ended. Thanks for trying her!,การทดลองใช้ Nera ฟรีของคุณสิ้นสุดแล้ว ขอบคุณที่ลองใช้!,,
Hebrew,HE,planWithNera,Plan with Nera,תכנן עם Nera,,
Hebrew,HE,neraWelcome,"Hi, I'm Nera, your Itinera trip planner. Tell me where you'd like to go and for how long, and I'll draft an itinerary for you to review.","היי, אני Nera, מתכננת הטיולים שלך ב-Itinera. ספר לי לאן תרצה לנסוע ולכמה זמן, ואכין מסלול לבדיקה.",,
Hebrew,HE,neraSuggest1,5 days in London,5 ימים בלונדון,,
Hebrew,HE,neraSuggest2,Weekend in Paris,סוף שבוע בפריז,,
Hebrew,HE,neraSuggest3,A week in Tokyo,שבוע בטוקיו,,
Hebrew,HE,neraChangePrompt,Of course. What would you like to change?,בטח. מה תרצה לשנות?,,
Hebrew,HE,neraChange1,Make it more relaxed,תעשה את זה רגוע יותר,,
Hebrew,HE,neraChange2,Add more food spots,הוסף עוד מקומות אוכל,,
Hebrew,HE,neraChange3,Swap one day,החלף יום אחד,,
Hebrew,HE,neraChange4,Cheaper options,אפשרויות זולות יותר,,
Hebrew,HE,neraInputHint,Ask Nera anything about your trip,שאל את Nera כל דבר על הטיול שלך,,
Hebrew,HE,neraSend,Send,שליחה,,
Hebrew,HE,neraApprove,Approve,אישור,,
Hebrew,HE,neraMakeChanges,Make changes,ביצוע שינויים,,
Hebrew,HE,neraSuperseded,Replaced by a newer draft,הוחלף בטיוטה חדשה יותר,,
Hebrew,HE,neraDaysDraft,%s days · Draft,%s ימים · טיוטה,,
Hebrew,HE,neraDay,Day %s,יום %s,,
Hebrew,HE,neraTripCreated,Nera created your trip,Nera יצרה את הטיול שלך,,
Hebrew,HE,neraFree,Free,חינם,,
Hebrew,HE,neraErrNotSetUp,Nera isn't set up yet.,Nera עדיין לא הוגדרה.,,
Hebrew,HE,neraErrSignIn,Please sign in to chat with Nera.,התחבר כדי לשוחח עם Nera.,,
Hebrew,HE,neraErrNetwork,Couldn't reach Nera. Check your connection and try again.,לא ניתן להגיע ל-Nera. בדוק את החיבור ונסה שוב.,,
Hebrew,HE,neraErrBadReply,Nera sent something I couldn't read. Please try again.,Nera שלחה משהו שלא הצלחתי לקרוא. נסה שוב.,,
Hebrew,HE,neraErrQuota,You've reached today's limit for Nera. Please try again tomorrow.,הגעת למגבלה היומית של Nera. נסה שוב מחר.,,
Hebrew,HE,neraErrGeneric,Nera is having trouble right now. Please try again.,ל-Nera יש בעיה כרגע. נסה שוב.,,
Hebrew,HE,neraTrialDaysLeft,Free trial · Days left: %s,ניסיון חינם · ימים שנותרו: %s,,
Hebrew,HE,neraErrTrialEnded,Your free trial of Nera has ended. Thanks for trying her!,תקופת הניסיון החינמית שלך עם Nera הסתיימה. תודה שניסית!,,
Bengali,BN,planWithNera,Plan with Nera,Nera-র সঙ্গে পরিকল্পনা করুন,,
Bengali,BN,neraWelcome,"Hi, I'm Nera, your Itinera trip planner. Tell me where you'd like to go and for how long, and I'll draft an itinerary for you to review.","হ্যালো, আমি Nera, Itinera-তে আপনার ভ্রমণ পরিকল্পনাকারী। কোথায় এবং কতদিনের জন্য যেতে চান বলুন, আমি দেখার জন্য একটি ভ্রমণসূচি তৈরি করে দেব।",,
Bengali,BN,neraSuggest1,5 days in London,লন্ডনে ৫ দিন,,
Bengali,BN,neraSuggest2,Weekend in Paris,প্যারিসে সপ্তাহান্ত,,
Bengali,BN,neraSuggest3,A week in Tokyo,টোকিওতে এক সপ্তাহ,,
Bengali,BN,neraChangePrompt,Of course. What would you like to change?,অবশ্যই। কী পরিবর্তন করতে চান?,,
Bengali,BN,neraChange1,Make it more relaxed,আরও আরামদায়ক করুন,,
Bengali,BN,neraChange2,Add more food spots,আরও খাওয়ার জায়গা যোগ করুন,,
Bengali,BN,neraChange3,Swap one day,একটি দিন বদলান,,
Bengali,BN,neraChange4,Cheaper options,সস্তা বিকল্প,,
Bengali,BN,neraInputHint,Ask Nera anything about your trip,আপনার ভ্রমণ সম্পর্কে Nera-কে যেকোনো কিছু জিজ্ঞাসা করুন,,
Bengali,BN,neraSend,Send,পাঠান,,
Bengali,BN,neraApprove,Approve,অনুমোদন,,
Bengali,BN,neraMakeChanges,Make changes,পরিবর্তন করুন,,
Bengali,BN,neraSuperseded,Replaced by a newer draft,নতুন খসড়া দিয়ে প্রতিস্থাপিত,,
Bengali,BN,neraDaysDraft,%s days · Draft,%s দিন · খসড়া,,
Bengali,BN,neraDay,Day %s,দিন %s,,
Bengali,BN,neraTripCreated,Nera created your trip,Nera আপনার ভ্রমণ তৈরি করেছে,,
Bengali,BN,neraFree,Free,বিনামূল্যে,,
Bengali,BN,neraErrNotSetUp,Nera isn't set up yet.,Nera এখনও সেট আপ করা হয়নি।,,
Bengali,BN,neraErrSignIn,Please sign in to chat with Nera.,Nera-র সঙ্গে চ্যাট করতে সাইন ইন করুন।,,
Bengali,BN,neraErrNetwork,Couldn't reach Nera. Check your connection and try again.,Nera-র সঙ্গে যোগাযোগ করা যাচ্ছে না। সংযোগ পরীক্ষা করে আবার চেষ্টা করুন।,,
Bengali,BN,neraErrBadReply,Nera sent something I couldn't read. Please try again.,Nera এমন কিছু পাঠিয়েছে যা আমি পড়তে পারিনি। আবার চেষ্টা করুন।,,
Bengali,BN,neraErrQuota,You've reached today's limit for Nera. Please try again tomorrow.,আপনি আজকের Nera-র সীমায় পৌঁছে গেছেন। আগামীকাল আবার চেষ্টা করুন।,,
Bengali,BN,neraErrGeneric,Nera is having trouble right now. Please try again.,Nera-র এখন সমস্যা হচ্ছে। আবার চেষ্টা করুন।,,
Bengali,BN,neraTrialDaysLeft,Free trial · Days left: %s,বিনামূল্যে ট্রায়াল · বাকি দিন: %s,,
Bengali,BN,neraErrTrialEnded,Your free trial of Nera has ended. Thanks for trying her!,Nera-র সঙ্গে আপনার বিনামূল্যে ট্রায়াল শেষ হয়েছে। চেষ্টা করার জন্য ধন্যবাদ!,,
Tajik,TG,planWithNera,Plan with Nera,Бо Nera банақша гиред,,
Tajik,TG,neraWelcome,"Hi, I'm Nera, your Itinera trip planner. Tell me where you'd like to go and for how long, and I'll draft an itinerary for you to review.","Салом, ман Nera, банақшагири сафари шумо дар Itinera. Бигӯед, ки ба куҷо ва барои чанд рӯз рафтан мехоҳед, ман барои дидан нақшаи сафар омода мекунам.",,
Tajik,TG,neraSuggest1,5 days in London,5 рӯз дар Лондон,,
Tajik,TG,neraSuggest2,Weekend in Paris,Рӯзҳои истироҳат дар Париж,,
Tajik,TG,neraSuggest3,A week in Tokyo,Як ҳафта дар Токио,,
Tajik,TG,neraChangePrompt,Of course. What would you like to change?,Албатта. Чиро тағйир додан мехоҳед?,,
Tajik,TG,neraChange1,Make it more relaxed,Оромтар кунед,,
Tajik,TG,neraChange2,Add more food spots,Ҷойҳои бештари хӯрок илова кунед,,
Tajik,TG,neraChange3,Swap one day,Як рӯзро иваз кунед,,
Tajik,TG,neraChange4,Cheaper options,Имконоти арзонтар,,
Tajik,TG,neraInputHint,Ask Nera anything about your trip,Аз Nera дар бораи сафаратон ҳар чизро пурсед,,
Tajik,TG,neraSend,Send,Фиристодан,,
Tajik,TG,neraApprove,Approve,Тасдиқ кардан,,
Tajik,TG,neraMakeChanges,Make changes,Тағйир додан,,
Tajik,TG,neraSuperseded,Replaced by a newer draft,Бо нусхаи навтар иваз шуд,,
Tajik,TG,neraDaysDraft,%s days · Draft,%s рӯз · Нусхаи пешакӣ,,
Tajik,TG,neraDay,Day %s,Рӯзи %s,,
Tajik,TG,neraTripCreated,Nera created your trip,Nera сафари шуморо сохт,,
Tajik,TG,neraFree,Free,Ройгон,,
Tajik,TG,neraErrNotSetUp,Nera isn't set up yet.,Nera ҳанӯз танзим нашудааст.,,
Tajik,TG,neraErrSignIn,Please sign in to chat with Nera.,Барои гуфтугӯ бо Nera ворид шавед.,,
Tajik,TG,neraErrNetwork,Couldn't reach Nera. Check your connection and try again.,Бо Nera тамос гирифта нашуд. Пайвастшавиро санҷед ва бори дигар кӯшиш кунед.,,
Tajik,TG,neraErrBadReply,Nera sent something I couldn't read. Please try again.,"Nera чизе фиристод, ки хонда натавонистам. Бори дигар кӯшиш кунед.",,
Tajik,TG,neraErrQuota,You've reached today's limit for Nera. Please try again tomorrow.,Ба маҳдудияти рӯзонаи Nera расидед. Пагоҳ бори дигар кӯшиш кунед.,,
Tajik,TG,neraErrGeneric,Nera is having trouble right now. Please try again.,Nera ҳоло мушкилӣ дорад. Бори дигар кӯшиш кунед.,,
Tajik,TG,neraTrialDaysLeft,Free trial · Days left: %s,Озмоиши ройгон · Рӯзҳои боқимонда: %s,,
Tajik,TG,neraErrTrialEnded,Your free trial of Nera has ended. Thanks for trying her!,Озмоиши ройгони шумо бо Nera ба поён расид. Ташаккур барои санҷиш!,,
Sinhala,SI,planWithNera,Plan with Nera,Nera සමඟ සැලසුම් කරන්න,,
Sinhala,SI,neraWelcome,"Hi, I'm Nera, your Itinera trip planner. Tell me where you'd like to go and for how long, and I'll draft an itinerary for you to review.","ආයුබෝවන්, මම Nera, ඔබේ Itinera ගමන් සැලසුම්කරු. ඔබට යාමට අවශ්‍ය තැන සහ කොපමණ කාලයක් ද කියන්න, මම ඔබට බැලීමට ගමන් සැලැස්මක් සකස් කරමි.",,
Sinhala,SI,neraSuggest1,5 days in London,ලන්ඩන්හි දින 5ක්,,
Sinhala,SI,neraSuggest2,Weekend in Paris,පැරිසියේ සති අන්තය,,
Sinhala,SI,neraSuggest3,A week in Tokyo,ටෝකියෝහි සතියක්,,
Sinhala,SI,neraChangePrompt,Of course. What would you like to change?,ඇත්තටම. ඔබට වෙනස් කිරීමට අවශ්‍ය මොනවාද?,,
Sinhala,SI,neraChange1,Make it more relaxed,වඩා සන්සුන් කරන්න,,
Sinhala,SI,neraChange2,Add more food spots,වැඩි ආහාර ස්ථාන එක් කරන්න,,
Sinhala,SI,neraChange3,Swap one day,එක් දිනයක් මාරු කරන්න,,
Sinhala,SI,neraChange4,Cheaper options,අඩු මිල විකල්ප,,
Sinhala,SI,neraInputHint,Ask Nera anything about your trip,ඔබේ ගමන ගැන Nera ගෙන් ඕනෑම දෙයක් අසන්න,,
Sinhala,SI,neraSend,Send,යවන්න,,
Sinhala,SI,neraApprove,Approve,අනුමත කරන්න,,
Sinhala,SI,neraMakeChanges,Make changes,වෙනස්කම් කරන්න,,
Sinhala,SI,neraSuperseded,Replaced by a newer draft,නව කෙටුම්පතකින් ප්‍රතිස්ථාපනය විය,,
Sinhala,SI,neraDaysDraft,%s days · Draft,දින %s · කෙටුම්පත,,
Sinhala,SI,neraDay,Day %s,දිනය %s,,
Sinhala,SI,neraTripCreated,Nera created your trip,Nera ඔබේ ගමන සාදා ඇත,,
Sinhala,SI,neraFree,Free,නොමිලේ,,
Sinhala,SI,neraErrNotSetUp,Nera isn't set up yet.,Nera තවම සකසා නැත.,,
Sinhala,SI,neraErrSignIn,Please sign in to chat with Nera.,Nera සමඟ කතාබහ කිරීමට පිවිසෙන්න.,,
Sinhala,SI,neraErrNetwork,Couldn't reach Nera. Check your connection and try again.,Nera වෙත සම්බන්ධ විය නොහැක. සම්බන්ධතාව පරීක්ෂා කර නැවත උත්සාහ කරන්න.,,
Sinhala,SI,neraErrBadReply,Nera sent something I couldn't read. Please try again.,Nera මට කියවිය නොහැකි දෙයක් එවා ඇත. නැවත උත්සාහ කරන්න.,,
Sinhala,SI,neraErrQuota,You've reached today's limit for Nera. Please try again tomorrow.,ඔබ අද Nera සීමාවට ළඟා වී ඇත. හෙට නැවත උත්සාහ කරන්න.,,
Sinhala,SI,neraErrGeneric,Nera is having trouble right now. Please try again.,Nera හට දැන් ගැටලුවක් ඇත. නැවත උත්සාහ කරන්න.,,
Sinhala,SI,neraTrialDaysLeft,Free trial · Days left: %s,නොමිලේ අත්හදා බැලීම · ඉතිරි දින: %s,,
Sinhala,SI,neraErrTrialEnded,Your free trial of Nera has ended. Thanks for trying her!,Nera සමඟ ඔබේ නොමිලේ අත්හදා බැලීම අවසන් විය. උත්සාහ කිරීමට ස්තූතියි!,,
